corpus_size,query,query_type,run_idx,latency_ms,result_count
50,data,single_term,0,337.10890000000404,20
50,data,single_term,1,235.8687000000259,20
50,data,single_term,2,227.4263999999846,20
50,data,single_term,3,225.87960000001317,20
50,data,single_term,4,228.5879999999736,20
50,data,single_term,5,227.48759999998924,20
50,data,single_term,6,232.03430000000935,20
50,data,single_term,7,228.91540000000532,20
50,data,single_term,8,224.7975000000224,20
50,data,single_term,9,224.8960000000011,20
50,data,single_term,10,227.5318000000084,20
50,data,single_term,11,233.80460000001335,20
50,data,single_term,12,227.7065000000107,20
50,data,single_term,13,236.6939000000059,20
50,data,single_term,14,227.99990000001458,20
50,data,single_term,15,233.85220000000118,20
50,data,single_term,16,233.85279999999398,20
50,data,single_term,17,229.8217999999963,20
50,data,single_term,18,229.0352999999925,20
50,data,single_term,19,226.7891999999847,20
50,annual report,phrase,0,329.9675000000093,20
50,annual report,phrase,1,202.3822000000166,20
50,annual report,phrase,2,201.74460000001204,20
50,annual report,phrase,3,202.8035000000159,20
50,annual report,phrase,4,196.9904999999983,20
50,annual report,phrase,5,207.03489999999647,20
50,annual report,phrase,6,207.74549999998726,20
50,annual report,phrase,7,213.26980000000617,20
50,annual report,phrase,8,204.59990000000516,20
50,annual report,phrase,9,202.3066000000142,20
50,annual report,phrase,10,214.34790000000703,20
50,annual report,phrase,11,200.8352000000002,20
50,annual report,phrase,12,200.88780000000384,20
50,annual report,phrase,13,198.97090000000617,20
50,annual report,phrase,14,201.73779999998942,20
50,annual report,phrase,15,199.31270000000723,20
50,annual report,phrase,16,200.733299999996,20
50,annual report,phrase,17,203.43429999999785,20
50,annual report,phrase,18,201.64579999999432,20
50,annual report,phrase,19,209.01930000002267,20
50,000,filename_prefix,0,46.08269999999948,20
50,000,filename_prefix,1,14.027100000021164,20
50,000,filename_prefix,2,13.702300000005607,20
50,000,filename_prefix,3,13.179500000006783,20
50,000,filename_prefix,4,13.55970000000184,20
50,000,filename_prefix,5,13.902000000001635,20
50,000,filename_prefix,6,13.196800000002895,20
50,000,filename_prefix,7,13.532800000007228,20
50,000,filename_prefix,8,13.622600000019247,20
50,000,filename_prefix,9,13.678599999991548,20
50,000,filename_prefix,10,14.086999999989303,20
50,000,filename_prefix,11,13.958700000017643,20
50,000,filename_prefix,12,14.298900000000003,20
50,000,filename_prefix,13,13.445499999988897,20
50,000,filename_prefix,14,13.416900000009946,20
50,000,filename_prefix,15,13.465499999995245,20
50,000,filename_prefix,16,14.03579999998783,20
50,000,filename_prefix,17,13.574399999981779,20
50,000,filename_prefix,18,14.101900000014211,20
50,000,filename_prefix,19,13.264700000007679,20
50,ދިވެހި,dhivehi,0,1.1578000000156408,0
50,ދިވެހި,dhivehi,1,0.3105000000118707,0
50,ދިވެހި,dhivehi,2,0.2236999999922773,0
50,ދިވެހި,dhivehi,3,0.20409999999060346,0
50,ދިވެހި,dhivehi,4,0.20419999998466665,0
50,ދިވެހި,dhivehi,5,0.2358000000128868,0
50,ދިވެހި,dhivehi,6,0.20180000001346343,0
50,ދިވެހި,dhivehi,7,0.2743000000009488,0
50,ދިވެހި,dhivehi,8,0.29359999999201136,0
50,ދިވެހި,dhivehi,9,0.23689999997600353,0
50,ދިވެހި,dhivehi,10,0.2115000000060263,0
50,ދިވެހި,dhivehi,11,0.19720000000233995,0
50,ދިވެހި,dhivehi,12,0.1929999999958909,0
50,ދިވެހި,dhivehi,13,0.18879999998944186,0
50,ދިވެހި,dhivehi,14,0.1822000000117896,0
50,ދިވެހި,dhivehi,15,0.2321000000051754,0
50,ދިވެހި,dhivehi,16,0.21840000002271154,0
50,ދިވެހި,dhivehi,17,0.18929999998817948,0
50,ދިވެހި,dhivehi,18,0.1750999999785563,0
50,ދިވެހި,dhivehi,19,0.17869999999220454,0
50,qyzzlephtn,negative_term,0,0.6352999999990061,0
50,qyzzlephtn,negative_term,1,0.20680000000083965,0
50,qyzzlephtn,negative_term,2,0.18109999999182946,0
50,qyzzlephtn,negative_term,3,0.31859999998573585,0
50,qyzzlephtn,negative_term,4,0.2586999999891759,0
50,qyzzlephtn,negative_term,5,0.21250000000350155,0
50,qyzzlephtn,negative_term,6,0.19729999999640313,0
50,qyzzlephtn,negative_term,7,0.20150000000285218,0
50,qyzzlephtn,negative_term,8,0.19249999999715328,0
50,qyzzlephtn,negative_term,9,0.1782999999875301,0
50,qyzzlephtn,negative_term,10,0.16590000001315275,0
50,qyzzlephtn,negative_term,11,0.18689999998855455,0
50,qyzzlephtn,negative_term,12,0.17470000000230357,0
50,qyzzlephtn,negative_term,13,0.16149999999015563,0
50,qyzzlephtn,negative_term,14,0.17150000002175148,0
50,qyzzlephtn,negative_term,15,0.1654999999800566,0
50,qyzzlephtn,negative_term,16,0.15609999999810498,0
50,qyzzlephtn,negative_term,17,0.15449999997940722,0
50,qyzzlephtn,negative_term,18,0.15499999997814484,0
50,qyzzlephtn,negative_term,19,0.1509000000226024,0
50,drubblixqwo,negative_term,0,0.31740000000013424,0
50,drubblixqwo,negative_term,1,0.19580000000019027,0
50,drubblixqwo,negative_term,2,0.1910999999950036,0
50,drubblixqwo,negative_term,3,0.18260000001646404,0
50,drubblixqwo,negative_term,4,0.16790000000810323,0
50,drubblixqwo,negative_term,5,0.18060000002151355,0
50,drubblixqwo,negative_term,6,0.1642000000003918,0
50,drubblixqwo,negative_term,7,0.15510000000062973,0
50,drubblixqwo,negative_term,8,0.14860000001704066,0
50,drubblixqwo,negative_term,9,0.14799999999581814,0
50,drubblixqwo,negative_term,10,0.1637000000016542,0
50,drubblixqwo,negative_term,11,0.15620000002058987,0
50,drubblixqwo,negative_term,12,0.15360000000441687,0
50,drubblixqwo,negative_term,13,0.14859999998861895,0
50,drubblixqwo,negative_term,14,0.15310000000567925,0
50,drubblixqwo,negative_term,15,0.19069999999032916,0
50,drubblixqwo,negative_term,16,0.17719999999599167,0
50,drubblixqwo,negative_term,17,0.1655000000084783,0
50,drubblixqwo,negative_term,18,0.16410000000632863,0
50,drubblixqwo,negative_term,19,0.15740000000619148,0
50,wkxzploom,negative_term,0,0.8575999999891337,0
50,wkxzploom,negative_term,1,0.37610000001109256,0
50,wkxzploom,negative_term,2,0.32749999999737156,0
50,wkxzploom,negative_term,3,0.327200000015182,0
50,wkxzploom,negative_term,4,0.36850000000754335,0
50,wkxzploom,negative_term,5,0.3099999999847114,0
50,wkxzploom,negative_term,6,0.30080000001930784,0
50,wkxzploom,negative_term,7,0.3049999999973352,0
50,wkxzploom,negative_term,8,0.3970000000208529,0
50,wkxzploom,negative_term,9,0.35390000002166744,0
50,wkxzploom,negative_term,10,0.2914000000089345,0
50,wkxzploom,negative_term,11,0.31110000000467153,0
50,wkxzploom,negative_term,12,0.29190000000767213,0
50,wkxzploom,negative_term,13,0.2824000000032356,0
50,wkxzploom,negative_term,14,0.31020000000125947,0
50,wkxzploom,negative_term,15,0.319700000005696,0
50,wkxzploom,negative_term,16,0.2909000000101969,0
50,wkxzploom,negative_term,17,0.2835999999888372,0
50,wkxzploom,negative_term,18,0.2893999999855623,0
50,wkxzploom,negative_term,19,0.2953000000047723,0
50,fjordplinthqux,negative_term,0,0.8077999999898111,0
50,fjordplinthqux,negative_term,1,0.23960000001466142,0
50,fjordplinthqux,negative_term,2,0.1871999999991658,0
50,fjordplinthqux,negative_term,3,0.1687000000174521,0
50,fjordplinthqux,negative_term,4,0.1591999999845939,0
50,fjordplinthqux,negative_term,5,0.15629999998623134,0
50,fjordplinthqux,negative_term,6,0.1533999999878688,0
50,fjordplinthqux,negative_term,7,0.3580999999996948,0
50,fjordplinthqux,negative_term,8,0.2218000000198117,0
50,fjordplinthqux,negative_term,9,0.23669999998787716,0
50,fjordplinthqux,negative_term,10,0.1840999999842552,0
50,fjordplinthqux,negative_term,11,0.16639999998346866,0
50,fjordplinthqux,negative_term,12,0.16270000000417895,0
50,fjordplinthqux,negative_term,13,0.1573000000121283,0
50,fjordplinthqux,negative_term,14,0.15160000000946638,0
50,fjordplinthqux,negative_term,15,0.20499999999401552,0
50,fjordplinthqux,negative_term,16,0.1674000000093656,0
50,fjordplinthqux,negative_term,17,0.15930000000707878,0
50,fjordplinthqux,negative_term,18,0.15100000001666558,0
50,fjordplinthqux,negative_term,19,0.1514999999869815,0
50,jvqxbreel,negative_term,0,0.22359999999821412,0
50,jvqxbreel,negative_term,1,0.21319999999036554,0
50,jvqxbreel,negative_term,2,0.18320000000926484,0
50,jvqxbreel,negative_term,3,0.20039999998289204,0
50,jvqxbreel,negative_term,4,0.16729999998688072,0
50,jvqxbreel,negative_term,5,0.16330000002540146,0
50,jvqxbreel,negative_term,6,0.15409999997473278,0
50,jvqxbreel,negative_term,7,0.1584999999977299,0
50,jvqxbreel,negative_term,8,0.16800000000216642,0
50,jvqxbreel,negative_term,9,0.19459999998616695,0
50,jvqxbreel,negative_term,10,0.160999999991418,0
50,jvqxbreel,negative_term,11,0.14840000000049258,0
50,jvqxbreel,negative_term,12,0.14289999998595704,0
50,jvqxbreel,negative_term,13,0.16249999998763087,0
50,jvqxbreel,negative_term,14,0.1534000000162905,0
50,jvqxbreel,negative_term,15,0.42729999998414314,0
50,jvqxbreel,negative_term,16,0.22919999997839113,0
50,jvqxbreel,negative_term,17,0.19829999999387837,0
50,jvqxbreel,negative_term,18,0.17740000001253975,0
50,jvqxbreel,negative_term,19,0.16770000001997687,0
50,vmblargwex,negative_term,0,0.6107000000099561,0
50,vmblargwex,negative_term,1,0.608200000016268,0
50,vmblargwex,negative_term,2,0.40049999998359453,0
50,vmblargwex,negative_term,3,0.3125000000068212,0
50,vmblargwex,negative_term,4,0.28850000001057197,0
50,vmblargwex,negative_term,5,0.28470000000879736,0
50,vmblargwex,negative_term,6,0.34170000000699474,0
50,vmblargwex,negative_term,7,0.3169000000013966,0
50,vmblargwex,negative_term,8,0.29570000000944674,0
50,vmblargwex,negative_term,9,0.28610000001094704,0
50,vmblargwex,negative_term,10,0.40160000000355467,0
50,vmblargwex,negative_term,11,0.41959999998653075,0
50,vmblargwex,negative_term,12,0.4251000000010663,0
50,vmblargwex,negative_term,13,0.4261999999926047,0
50,vmblargwex,negative_term,14,0.3336000000047079,0
50,vmblargwex,negative_term,15,0.2876000000071599,0
50,vmblargwex,negative_term,16,0.3207000000031712,0
50,vmblargwex,negative_term,17,0.3302999999732492,0
50,vmblargwex,negative_term,18,0.552999999996473,0
50,vmblargwex,negative_term,19,0.3958000000068296,0
50,ploxxundriq,negative_term,0,0.6459000000234028,0
50,ploxxundriq,negative_term,1,0.23929999997562845,0
50,ploxxundriq,negative_term,2,0.20470000001182598,0
50,ploxxundriq,negative_term,3,0.19079999998439234,0
50,ploxxundriq,negative_term,4,0.1789999999743941,0
50,ploxxundriq,negative_term,5,0.17310000001202752,0
50,ploxxundriq,negative_term,6,0.1707000000124026,0
50,ploxxundriq,negative_term,7,0.169899999974632,0
50,ploxxundriq,negative_term,8,0.17540000001758926,0
50,ploxxundriq,negative_term,9,0.16629999998940548,0
50,ploxxundriq,negative_term,10,0.2039000000024771,0
50,ploxxundriq,negative_term,11,0.16899999999964166,0
50,ploxxundriq,negative_term,12,0.15830000000960354,0
50,ploxxundriq,negative_term,13,0.15989999999987958,0
50,ploxxundriq,negative_term,14,0.1699999999971169,0
50,ploxxundriq,negative_term,15,0.16220000000544132,0
50,ploxxundriq,negative_term,16,0.18509999998173043,0
50,ploxxundriq,negative_term,17,0.16009999998800595,0
50,ploxxundriq,negative_term,18,0.15510000000062973,0
50,ploxxundriq,negative_term,19,0.16830000001277767,0
50,grindlewqxz,negative_term,0,0.18400000001861372,0
50,grindlewqxz,negative_term,1,0.19000000000346517,0
50,grindlewqxz,negative_term,2,0.18939999998224266,0
50,grindlewqxz,negative_term,3,0.18439999999486645,0
50,grindlewqxz,negative_term,4,0.1718999999980042,0
50,grindlewqxz,negative_term,5,0.16340000001946464,0
50,grindlewqxz,negative_term,6,0.15559999999936736,0
50,grindlewqxz,negative_term,7,0.16460000000506625,0
50,grindlewqxz,negative_term,8,0.16780000001404005,0
50,grindlewqxz,negative_term,9,0.15960000001769004,0
50,grindlewqxz,negative_term,10,0.15179999999759275,0
50,grindlewqxz,negative_term,11,0.15439999998534404,0
50,grindlewqxz,negative_term,12,0.17670000002567576,0
50,grindlewqxz,negative_term,13,0.19009999999752836,0
50,grindlewqxz,negative_term,14,0.1739000000213764,0
50,grindlewqxz,negative_term,15,0.22720000001186236,0
50,grindlewqxz,negative_term,16,0.2013000000147258,0
50,grindlewqxz,negative_term,17,0.2039000000024771,0
50,grindlewqxz,negative_term,18,0.18190000000117834,0
50,grindlewqxz,negative_term,19,0.15869999998585627,0
50,qwxztheronik,negative_term,0,0.29890000001842054,0
50,qwxztheronik,negative_term,1,0.4026999999950931,0
50,qwxztheronik,negative_term,2,0.3405999999870346,0
50,qwxztheronik,negative_term,3,0.2932999999814001,0
50,qwxztheronik,negative_term,4,0.37050000000249383,0
50,qwxztheronik,negative_term,5,0.3095000000143955,0
50,qwxztheronik,negative_term,6,0.2838999999994485,0
50,qwxztheronik,negative_term,7,0.27839999998491294,0
50,qwxztheronik,negative_term,8,0.33279999999535903,0
50,qwxztheronik,negative_term,9,0.30059999997433806,0
50,qwxztheronik,negative_term,10,0.282599999991362,0
50,qwxztheronik,negative_term,11,0.298999999984062,0
50,qwxztheronik,negative_term,12,0.4212999999992917,0
50,qwxztheronik,negative_term,13,0.48859999998285275,0
50,qwxztheronik,negative_term,14,0.39480000000935433,0
50,qwxztheronik,negative_term,15,0.4248999999845182,0
50,qwxztheronik,negative_term,16,0.3284000000007836,0
50,qwxztheronik,negative_term,17,0.34170000000699474,0
50,qwxztheronik,negative_term,18,0.3126999999949476,0
50,qwxztheronik,negative_term,19,0.3175999999882606,0
50,kangaroo marsupial pouch,negative_phrase,0,0.678800000002866,0
50,kangaroo marsupial pouch,negative_phrase,1,0.5433999999979733,0
50,kangaroo marsupial pouch,negative_phrase,2,0.549699999993436,0
50,kangaroo marsupial pouch,negative_phrase,3,0.5678999999929601,0
50,kangaroo marsupial pouch,negative_phrase,4,0.5043000000171105,0
50,kangaroo marsupial pouch,negative_phrase,5,0.43240000002242596,0
50,kangaroo marsupial pouch,negative_phrase,6,0.42400000000952787,0
50,kangaroo marsupial pouch,negative_phrase,7,0.44199999999250394,0
50,kangaroo marsupial pouch,negative_phrase,8,0.42779999998288076,0
50,kangaroo marsupial pouch,negative_phrase,9,0.40810000001556546,0
50,kangaroo marsupial pouch,negative_phrase,10,0.41970000000901564,0
50,kangaroo marsupial pouch,negative_phrase,11,0.4335000000139644,0
50,kangaroo marsupial pouch,negative_phrase,12,0.4185999999890555,0
50,kangaroo marsupial pouch,negative_phrase,13,0.4487000000210628,0
50,kangaroo marsupial pouch,negative_phrase,14,0.4639999999938027,0
50,kangaroo marsupial pouch,negative_phrase,15,0.4358999999851676,0
50,kangaroo marsupial pouch,negative_phrase,16,0.4146999999932177,0
50,kangaroo marsupial pouch,negative_phrase,17,0.6528999999773077,0
50,kangaroo marsupial pouch,negative_phrase,18,0.5435999999860996,0
50,kangaroo marsupial pouch,negative_phrase,19,0.47520000001100016,0
50,telescope nebula astronomy,negative_phrase,0,0.43750000000386535,0
50,telescope nebula astronomy,negative_phrase,1,0.5601000000012846,0
50,telescope nebula astronomy,negative_phrase,2,0.4863999999997759,0
50,telescope nebula astronomy,negative_phrase,3,0.46369999998319145,0
50,telescope nebula astronomy,negative_phrase,4,0.4064999999968677,0
50,telescope nebula astronomy,negative_phrase,5,0.5362999999931617,0
50,telescope nebula astronomy,negative_phrase,6,0.4198000000030788,0
50,telescope nebula astronomy,negative_phrase,7,0.48540000000230066,0
50,telescope nebula astronomy,negative_phrase,8,0.419200000010278,0
50,telescope nebula astronomy,negative_phrase,9,0.8356999999818981,0
50,telescope nebula astronomy,negative_phrase,10,0.7286000000021886,0
50,telescope nebula astronomy,negative_phrase,11,0.5226000000106978,0
50,telescope nebula astronomy,negative_phrase,12,0.45409999998469175,0
50,telescope nebula astronomy,negative_phrase,13,0.5692000000010466,0
50,telescope nebula astronomy,negative_phrase,14,0.5869999999958964,0
50,telescope nebula astronomy,negative_phrase,15,0.46119999998950334,0
50,telescope nebula astronomy,negative_phrase,16,0.4251999999951295,0
50,telescope nebula astronomy,negative_phrase,17,0.5108999999947628,0
50,telescope nebula astronomy,negative_phrase,18,0.44009999999161664,0
50,telescope nebula astronomy,negative_phrase,19,0.4203999999958796,0
50,hummingbird nectar pollination,negative_phrase,0,0.4161999999894306,0
50,hummingbird nectar pollination,negative_phrase,1,0.4339999999842803,0
50,hummingbird nectar pollination,negative_phrase,2,0.4623000000094635,0
50,hummingbird nectar pollination,negative_phrase,3,0.41450000000509135,0
50,hummingbird nectar pollination,negative_phrase,4,0.45209999998974126,0
50,hummingbird nectar pollination,negative_phrase,5,0.42219999997428204,0
50,hummingbird nectar pollination,negative_phrase,6,0.46130000001198823,0
50,hummingbird nectar pollination,negative_phrase,7,0.40880000000242944,0
50,hummingbird nectar pollination,negative_phrase,8,0.4518000000075517,0
50,hummingbird nectar pollination,negative_phrase,9,0.44790000001171393,0
50,hummingbird nectar pollination,negative_phrase,10,0.42029999997339473,0
50,hummingbird nectar pollination,negative_phrase,11,0.45470000000591426,0
50,hummingbird nectar pollination,negative_phrase,12,0.4078999999990174,0
50,hummingbird nectar pollination,negative_phrase,13,0.46679999999810207,0
50,hummingbird nectar pollination,negative_phrase,14,0.42859999999222964,0
50,hummingbird nectar pollination,negative_phrase,15,0.503699999995888,0
50,hummingbird nectar pollination,negative_phrase,16,0.40549999999939246,0
50,hummingbird nectar pollination,negative_phrase,17,0.3939000000059423,0
50,hummingbird nectar pollination,negative_phrase,18,0.43890000000601503,0
50,hummingbird nectar pollination,negative_phrase,19,0.4026000000010299,0
50,ޥބޛސ ޠޅސޔ,negative_dhivehi,0,0.5918999999892094,0
50,ޥބޛސ ޠޅސޔ,negative_dhivehi,1,0.4774000000224987,0
50,ޥބޛސ ޠޅސޔ,negative_dhivehi,2,0.4480999999998403,0
50,ޥބޛސ ޠޅސޔ,negative_dhivehi,3,0.5002000000047246,0
50,ޥބޛސ ޠޅސޔ,negative_dhivehi,4,0.7442000000139615,0
50,ޥބޛސ ޠޅސޔ,negative_dhivehi,5,0.7492000000013377,0
50,ޥބޛސ ޠޅސޔ,negative_dhivehi,6,0.5225999999822761,0
50,ޥބޛސ ޠޅސޔ,negative_dhivehi,7,0.488899999993464,0
50,ޥބޛސ ޠޅސޔ,negative_dhivehi,8,0.5193000000076609,0
50,ޥބޛސ ޠޅސޔ,negative_dhivehi,9,0.4727999999829535,0
50,ޥބޛސ ޠޅސޔ,negative_dhivehi,10,0.44969999999011634,0
50,ޥބޛސ ޠޅސޔ,negative_dhivehi,11,0.44199999999250394,0
50,ޥބޛސ ޠޅސޔ,negative_dhivehi,12,0.5117000000041116,0
50,ޥބޛސ ޠޅސޔ,negative_dhivehi,13,0.4845999999929518,0
50,ޥބޛސ ޠޅސޔ,negative_dhivehi,14,0.4869999999925767,0
50,ޥބޛސ ޠޅސޔ,negative_dhivehi,15,0.4505999999935284,0
50,ޥބޛސ ޠޅސޔ,negative_dhivehi,16,0.45810000000301443,0
50,ޥބޛސ ޠޅސޔ,negative_dhivehi,17,0.5011000000081367,0
50,ޥބޛސ ޠޅސޔ,negative_dhivehi,18,0.4500999999947908,0
50,ޥބޛސ ޠޅސޔ,negative_dhivehi,19,0.49060000000622495,0
50,ޕފޑޘ ޖޠޞޏފޓ,negative_dhivehi,0,0.5325000000198088,0
50,ޕފޑޘ ޖޠޞޏފޓ,negative_dhivehi,1,0.5060000000014497,0
50,ޕފޑޘ ޖޠޞޏފޓ,negative_dhivehi,2,0.47079999998800304,0
50,ޕފޑޘ ޖޠޞޏފޓ,negative_dhivehi,3,0.3905000000088421,0
50,ޕފޑޘ ޖޠޞޏފޓ,negative_dhivehi,4,0.4127999999923304,0
50,ޕފޑޘ ޖޠޞޏފޓ,negative_dhivehi,5,0.40989999999396787,0
50,ޕފޑޘ ޖޠޞޏފޓ,negative_dhivehi,6,0.4187000000115404,0
50,ޕފޑޘ ޖޠޞޏފޓ,negative_dhivehi,7,0.43050000002153865,0
50,ޕފޑޘ ޖޠޞޏފޓ,negative_dhivehi,8,0.3707000000190419,0
50,ޕފޑޘ ޖޠޞޏފޓ,negative_dhivehi,9,0.36639999999010797,0
50,ޕފޑޘ ޖޠޞޏފޓ,negative_dhivehi,10,0.4474000000129763,0
50,ޕފޑޘ ޖޠޞޏފޓ,negative_dhivehi,11,0.3829999999993561,0
50,ޕފޑޘ ޖޠޞޏފޓ,negative_dhivehi,12,0.40609999999219326,0
50,ޕފޑޘ ޖޠޞޏފޓ,negative_dhivehi,13,0.3925000000037926,0
50,ޕފޑޘ ޖޠޞޏފޓ,negative_dhivehi,14,0.3693999999825337,0
50,ޕފޑޘ ޖޠޞޏފޓ,negative_dhivehi,15,0.38429999997902087,0
50,ޕފޑޘ ޖޠޞޏފޓ,negative_dhivehi,16,0.41250000001014087,0
50,ޕފޑޘ ޖޠޞޏފޓ,negative_dhivehi,17,0.3695999999990818,0
50,ޕފޑޘ ޖޠޞޏފޓ,negative_dhivehi,18,0.3676000000041313,0
50,ޕފޑޘ ޖޠޞޏފޓ,negative_dhivehi,19,0.414300000016965,0
50,ޑޕސޕ,negative_dhivehi,0,1.0404000000221458,0
50,ޑޕސޕ,negative_dhivehi,1,0.4653000000018892,0
50,ޑޕސޕ,negative_dhivehi,2,0.4825000000039381,0
50,ޑޕސޕ,negative_dhivehi,3,0.4075999999884061,0
50,ޑޕސޕ,negative_dhivehi,4,0.33980000000610744,0
50,ޑޕސޕ,negative_dhivehi,5,0.3386999999861473,0
50,ޑޕސޕ,negative_dhivehi,6,0.30709999998634885,0
50,ޑޕސޕ,negative_dhivehi,7,0.3213999999900352,0
50,ޑޕސޕ,negative_dhivehi,8,0.29820000000313485,0
50,ޑޕސޕ,negative_dhivehi,9,0.3011000000014974,0
50,ޑޕސޕ,negative_dhivehi,10,0.29949999998279964,0
50,ޑޕސޕ,negative_dhivehi,11,0.28789999998934945,0
50,ޑޕސޕ,negative_dhivehi,12,0.2824000000032356,0
50,ޑޕސޕ,negative_dhivehi,13,0.2835999999888372,0
50,ޑޕސޕ,negative_dhivehi,14,0.3260999999952219,0
50,ޑޕސޕ,negative_dhivehi,15,0.36399999999048305,0
50,ޑޕސޕ,negative_dhivehi,16,0.3526999999792224,0
50,ޑޕސޕ,negative_dhivehi,17,0.30459999999266074,0
50,ޑޕސޕ,negative_dhivehi,18,0.28850000001057197,0
50,ޑޕސޕ,negative_dhivehi,19,0.6906000000128643,0
50,ޛށޝޛލ ޢގހޔމހ,negative_dhivehi,0,0.6330000000218661,0
50,ޛށޝޛލ ޢގހޔމހ,negative_dhivehi,1,0.5832000000225435,0
50,ޛށޝޛލ ޢގހޔމހ,negative_dhivehi,2,0.8462000000122316,0
50,ޛށޝޛލ ޢގހޔމހ,negative_dhivehi,3,0.6563000000028296,0
50,ޛށޝޛލ ޢގހޔމހ,negative_dhivehi,4,0.6123999999942953,0
50,ޛށޝޛލ ޢގހޔމހ,negative_dhivehi,5,0.5812999999932345,0
50,ޛށޝޛލ ޢގހޔމހ,negative_dhivehi,6,0.5658000000039465,0
50,ޛށޝޛލ ޢގހޔމހ,negative_dhivehi,7,0.5465999999785254,0
50,ޛށޝޛލ ޢގހޔމހ,negative_dhivehi,8,0.5689999999844986,0
50,ޛށޝޛލ ޢގހޔމހ,negative_dhivehi,9,0.5783000000008087,0
50,ޛށޝޛލ ޢގހޔމހ,negative_dhivehi,10,0.5777000000080079,0
50,ޛށޝޛލ ޢގހޔމހ,negative_dhivehi,11,0.5730999999968844,0
50,ޛށޝޛލ ޢގހޔމހ,negative_dhivehi,12,0.5579999999838492,0
50,ޛށޝޛލ ޢގހޔމހ,negative_dhivehi,13,0.5469999999831998,0
50,ޛށޝޛލ ޢގހޔމހ,negative_dhivehi,14,0.8389999999849351,0
50,ޛށޝޛލ ޢގހޔމހ,negative_dhivehi,15,0.7831999999723394,0
50,ޛށޝޛލ ޢގހޔމހ,negative_dhivehi,16,0.6989999999973406,0
50,ޛށޝޛލ ޢގހޔމހ,negative_dhivehi,17,0.6492999999920812,0
50,ޛށޝޛލ ޢގހޔމހ,negative_dhivehi,18,0.6142000000011194,0
50,ޛށޝޛލ ޢގހޔމހ,negative_dhivehi,19,0.6227000000080807,0
50,ވޘއހޜޅ ވޡޗޓފޏ,negative_dhivehi,0,0.5008999999915886,0
50,ވޘއހޜޅ ވޡޗޓފޏ,negative_dhivehi,1,0.440299999979743,0
50,ވޘއހޜޅ ވޡޗޓފޏ,negative_dhivehi,2,0.44359999998278,0
50,ވޘއހޜޅ ވޡޗޓފޏ,negative_dhivehi,3,0.44009999999161664,0
50,ވޘއހޜޅ ވޡޗޓފޏ,negative_dhivehi,4,0.38699999998925705,0
50,ވޘއހޜޅ ވޡޗޓފޏ,negative_dhivehi,5,0.3988999999933185,0
50,ވޘއހޜޅ ވޡޗޓފޏ,negative_dhivehi,6,0.6011000000114564,0
50,ވޘއހޜޅ ވޡޗޓފޏ,negative_dhivehi,7,0.4236999999989166,0
50,ވޘއހޜޅ ވޡޗޓފޏ,negative_dhivehi,8,0.38499999999430656,0
50,ވޘއހޜޅ ވޡޗޓފޏ,negative_dhivehi,9,0.44889999998076746,0
50,ވޘއހޜޅ ވޡޗޓފޏ,negative_dhivehi,10,0.40810000001556546,0
50,ވޘއހޜޅ ވޡޗޓފޏ,negative_dhivehi,11,0.5055999999967753,0
50,ވޘއހޜޅ ވޡޗޓފޏ,negative_dhivehi,12,0.3853000000049178,0
50,ވޘއހޜޅ ވޡޗޓފޏ,negative_dhivehi,13,0.4207000000064909,0
50,ވޘއހޜޅ ވޡޗޓފޏ,negative_dhivehi,14,0.3810999999984688,0
50,ވޘއހޜޅ ވޡޗޓފޏ,negative_dhivehi,15,0.37950000000819273,0
50,ވޘއހޜޅ ވޡޗޓފޏ,negative_dhivehi,16,0.4255999999998039,0
50,ވޘއހޜޅ ވޡޗޓފޏ,negative_dhivehi,17,0.3810000000044056,0
50,ވޘއހޜޅ ވޡޗޓފޏ,negative_dhivehi,18,0.41319999999700485,0
50,ވޘއހޜޅ ވޡޗޓފޏ,negative_dhivehi,19,0.3750999999851956,0
50,ޔޓޘލ,negative_dhivehi,0,0.29739999999378597,0
50,ޔޓޘލ,negative_dhivehi,1,0.3464999999778229,0
50,ޔޓޘލ,negative_dhivehi,2,0.29749999998784915,0
50,ޔޓޘލ,negative_dhivehi,3,0.2818999999760763,0
50,ޔޓޘލ,negative_dhivehi,4,0.3092000000037842,0
50,ޔޓޘލ,negative_dhivehi,5,0.29570000000944674,0
50,ޔޓޘލ,negative_dhivehi,6,0.2945999999894866,0
50,ޔޓޘލ,negative_dhivehi,7,0.3396000000179811,0
50,ޔޓޘލ,negative_dhivehi,8,0.3092000000037842,0
50,ޔޓޘލ,negative_dhivehi,9,0.6767000000138523,0
50,ޔޓޘލ,negative_dhivehi,10,0.37480000000300606,0
50,ޔޓޘލ,negative_dhivehi,11,0.30849999998849853,0
50,ޔޓޘލ,negative_dhivehi,12,0.37679999999795655,0
50,ޔޓޘލ,negative_dhivehi,13,0.43610000000171567,0
50,ޔޓޘލ,negative_dhivehi,14,0.40500000000065484,0
50,ޔޓޘލ,negative_dhivehi,15,0.34740000000965665,0
50,ޔޓޘލ,negative_dhivehi,16,0.32569999999054744,0
50,ޔޓޘލ,negative_dhivehi,17,0.3253000000142947,0
50,ޔޓޘލ,negative_dhivehi,18,0.36649999998417115,0
50,ޔޓޘލ,negative_dhivehi,19,0.3247999999871354,0
50,ޙޣޅލޔޑ ޣޞސލދ,negative_dhivehi,0,0.4958999999757907,0
50,ޙޣޅލޔޑ ޣޞސލދ,negative_dhivehi,1,0.6008999999949083,0
50,ޙޣޅލޔޑ ޣޞސލދ,negative_dhivehi,2,0.4959999999982756,0
50,ޙޣޅލޔޑ ޣޞސލދ,negative_dhivehi,3,0.520799999975452,0
50,ޙޣޅލޔޑ ޣޞސލދ,negative_dhivehi,4,0.47140000000922555,0
50,ޙޣޅލޔޑ ޣޞސލދ,negative_dhivehi,5,0.49629999998046515,0
50,ޙޣޅލޔޑ ޣޞސލދ,negative_dhivehi,6,0.49070000000028813,0
50,ޙޣޅލޔޑ ޣޞސލދ,negative_dhivehi,7,0.47769999997626655,0
50,ޙޣޅލޔޑ ޣޞސލދ,negative_dhivehi,8,0.4818999999827156,0
50,ޙޣޅލޔޑ ޣޞސލދ,negative_dhivehi,9,0.451099999992266,0
50,ޙޣޅލޔޑ ޣޞސލދ,negative_dhivehi,10,0.530699999984563,0
50,ޙޣޅލޔޑ ޣޞސލދ,negative_dhivehi,11,0.5178999999770895,0
50,ޙޣޅލޔޑ ޣޞސލދ,negative_dhivehi,12,0.45529999999871507,0
50,ޙޣޅލޔޑ ޣޞސލދ,negative_dhivehi,13,0.44330000000059044,0
50,ޙޣޅލޔޑ ޣޞސލދ,negative_dhivehi,14,0.4806000000030508,0
50,ޙޣޅލޔޑ ޣޞސލދ,negative_dhivehi,15,0.5006000000093991,0
50,ޙޣޅލޔޑ ޣޞސލދ,negative_dhivehi,16,0.49760000001697335,0
50,ޙޣޅލޔޑ ޣޞސލދ,negative_dhivehi,17,0.46059999999670254,0
50,ޙޣޅލޔޑ ޣޞސލދ,negative_dhivehi,18,0.4883999999947264,0
50,ޙޣޅލޔޑ ޣޞސލދ,negative_dhivehi,19,0.6710000000111904,0
50,ޝއނފމ ޙޅޗޘ,negative_dhivehi,0,0.537500000007185,0
50,ޝއނފމ ޙޅޗޘ,negative_dhivehi,1,0.431399999996529,0
50,ޝއނފމ ޙޅޗޘ,negative_dhivehi,2,0.4396999999869422,0
50,ޝއނފމ ޙޅޗޘ,negative_dhivehi,3,0.5744000000049709,0
50,ޝއނފމ ޙޅޗޘ,negative_dhivehi,4,0.515899999982139,0
50,ޝއނފމ ޙޅޗޘ,negative_dhivehi,5,0.41139999999018073,0
50,ޝއނފމ ޙޅޗޘ,negative_dhivehi,6,0.42600000000447835,0
50,ޝއނފމ ޙޅޗޘ,negative_dhivehi,7,0.42859999999222964,0
50,ޝއނފމ ޙޅޗޘ,negative_dhivehi,8,0.5114000000219221,0
50,ޝއނފމ ޙޅޗޘ,negative_dhivehi,9,0.5158000000164975,0
50,ޝއނފމ ޙޅޗޘ,negative_dhivehi,10,0.3778000000238535,0
50,ޝއނފމ ޙޅޗޘ,negative_dhivehi,11,0.4535999999859541,0
50,ޝއނފމ ޙޅޗޘ,negative_dhivehi,12,0.3804000000116048,0
50,ޝއނފމ ޙޅޗޘ,negative_dhivehi,13,0.37690000002044144,0
50,ޝއނފމ ޙޅޗޘ,negative_dhivehi,14,0.4054000000053293,0
50,ޝއނފމ ޙޅޗޘ,negative_dhivehi,15,0.3611999999861837,0
50,ޝއނފމ ޙޅޗޘ,negative_dhivehi,16,0.38699999998925705,0
50,ޝއނފމ ޙޅޗޘ,negative_dhivehi,17,0.4109999999855063,0
50,ޝއނފމ ޙޅޗޘ,negative_dhivehi,18,0.46949999997991654,0
50,ޝއނފމ ޙޅޗޘ,negative_dhivehi,19,0.4629000000022643,0
100,data,single_term,0,244.90739999998823,20
100,data,single_term,1,230.39999999997463,20
100,data,single_term,2,232.19810000000507,20
100,data,single_term,3,227.94770000001563,20
100,data,single_term,4,233.75299999997878,20
100,data,single_term,5,231.6016999999988,20
100,data,single_term,6,229.14040000000568,20
100,data,single_term,7,227.5171999999941,20
100,data,single_term,8,229.12690000001135,20
100,data,single_term,9,229.25240000000713,20
100,data,single_term,10,231.2148000000036,20
100,data,single_term,11,225.26410000000396,20
100,data,single_term,12,230.84610000000794,20
100,data,single_term,13,253.36230000002047,20
100,data,single_term,14,235.560200000009,20
100,data,single_term,15,229.58310000001347,20
100,data,single_term,16,229.95119999998792,20
100,data,single_term,17,230.76879999999278,20
100,data,single_term,18,233.59550000000695,20
100,data,single_term,19,232.28169999998727,20
100,annual report,phrase,0,213.12620000003335,20
100,annual report,phrase,1,204.69339999999647,20
100,annual report,phrase,2,206.587900000045,20
100,annual report,phrase,3,203.31840000000057,20
100,annual report,phrase,4,211.58069999995632,20
100,annual report,phrase,5,202.19399999996313,20
100,annual report,phrase,6,200.960699999996,20
100,annual report,phrase,7,202.32149999998228,20
100,annual report,phrase,8,209.36589999996613,20
100,annual report,phrase,9,209.21959999998307,20
100,annual report,phrase,10,214.7156999999993,20
100,annual report,phrase,11,202.94039999998859,20
100,annual report,phrase,12,209.14529999998877,20
100,annual report,phrase,13,201.78189999995766,20
100,annual report,phrase,14,205.22510000000693,20
100,annual report,phrase,15,206.0698999999886,20
100,annual report,phrase,16,201.93650000004482,20
100,annual report,phrase,17,209.75250000003598,20
100,annual report,phrase,18,196.13670000001093,20
100,annual report,phrase,19,208.29159999999547,20
100,000,filename_prefix,0,15.413899999998648,20
100,000,filename_prefix,1,13.218600000016067,20
100,000,filename_prefix,2,13.688600000023143,20
100,000,filename_prefix,3,13.53769999997212,20
100,000,filename_prefix,4,13.692399999968075,20
100,000,filename_prefix,5,13.654700000017783,20
100,000,filename_prefix,6,13.089199999967605,20
100,000,filename_prefix,7,13.037800000006428,20
100,000,filename_prefix,8,13.644999999996799,20
100,000,filename_prefix,9,13.891999999998461,20
100,000,filename_prefix,10,13.74300000003359,20
100,000,filename_prefix,11,13.888399999984813,20
100,000,filename_prefix,12,13.236699999993107,20
100,000,filename_prefix,13,12.721499999997832,20
100,000,filename_prefix,14,13.244700000029752,20
100,000,filename_prefix,15,12.999299999989944,20
100,000,filename_prefix,16,13.022799999987456,20
100,000,filename_prefix,17,13.852699999972629,20
100,000,filename_prefix,18,13.512600000012753,20
100,000,filename_prefix,19,12.92820000003303,20
100,ދިވެހި,dhivehi,0,1.0451999999645523,0
100,ދިވެހި,dhivehi,1,0.25389999996150436,0
100,ދިވެހި,dhivehi,2,0.24200000001428634,0
100,ދިވެހި,dhivehi,3,0.20929999999452775,0
100,ދިވެހި,dhivehi,4,0.18669999997200648,0
100,ދިވެހި,dhivehi,5,0.18130000000837754,0
100,ދިވެހި,dhivehi,6,0.17030000003614987,0
100,ދިވެހި,dhivehi,7,0.21530000003622263,0
100,ދިވެހި,dhivehi,8,0.20790000002079978,0
100,ދިވެހި,dhivehi,9,0.18710000000510263,0
100,ދިވެހި,dhivehi,10,0.1800999999659325,0
100,ދިވެހި,dhivehi,11,0.17050000002427623,0
100,ދިވެހި,dhivehi,12,0.16479999999319261,0
100,ދިވެހި,dhivehi,13,0.17750000000660293,0
100,ދިވެހި,dhivehi,14,0.17009999999118008,0
100,ދިވެހި,dhivehi,15,0.20089999998162966,0
100,ދިވެހި,dhivehi,16,0.186600000006365,0
100,ދިވެހި,dhivehi,17,0.16829999998435596,0
100,ދިވެހި,dhivehi,18,0.23809999999002684,0
100,ދިވެހި,dhivehi,19,0.22839999996904226,0
100,qyzzlephtn,negative_term,0,0.5922999999938838,0
100,qyzzlephtn,negative_term,1,0.23670000001629887,0
100,qyzzlephtn,negative_term,2,0.19850000001042645,0
100,qyzzlephtn,negative_term,3,0.2146999999581567,0
100,qyzzlephtn,negative_term,4,0.1880000000369364,0
100,qyzzlephtn,negative_term,5,0.17039999994494792,0
100,qyzzlephtn,negative_term,6,0.15539999998281928,0
100,qyzzlephtn,negative_term,7,0.15759999996589613,0
100,qyzzlephtn,negative_term,8,0.15819999998711864,0
100,qyzzlephtn,negative_term,9,0.32820000001265726,0
100,qyzzlephtn,negative_term,10,0.2850999999850501,0
100,qyzzlephtn,negative_term,11,0.2235999999697924,0
100,qyzzlephtn,negative_term,12,0.20399999999654028,0
100,qyzzlephtn,negative_term,13,0.1961999999480213,0
100,qyzzlephtn,negative_term,14,0.2031999999871914,0
100,qyzzlephtn,negative_term,15,0.19680000002608722,0
100,qyzzlephtn,negative_term,16,0.1809000000321248,0
100,qyzzlephtn,negative_term,17,0.21709999998620333,0
100,qyzzlephtn,negative_term,18,0.17209999998613057,0
100,qyzzlephtn,negative_term,19,0.17480000002478846,0
100,drubblixqwo,negative_term,0,0.3489000000058695,0
100,drubblixqwo,negative_term,1,0.21619999995436956,0
100,drubblixqwo,negative_term,2,0.19140000000561486,0
100,drubblixqwo,negative_term,3,0.17339999999421707,0
100,drubblixqwo,negative_term,4,0.17229999997425693,0
100,drubblixqwo,negative_term,5,0.21270000002004963,0
100,drubblixqwo,negative_term,6,0.21639999999933934,0
100,drubblixqwo,negative_term,7,0.2058000000033644,0
100,drubblixqwo,negative_term,8,0.16829999998435596,0
100,drubblixqwo,negative_term,9,0.16470000002755114,0
100,drubblixqwo,negative_term,10,0.17890000003717432,0
100,drubblixqwo,negative_term,11,0.17489999999042993,0
100,drubblixqwo,negative_term,12,0.1617000000351254,0
100,drubblixqwo,negative_term,13,0.15869999998585627,0
100,drubblixqwo,negative_term,14,0.15689999997903215,0
100,drubblixqwo,negative_term,15,0.1771000000303502,0
100,drubblixqwo,negative_term,16,0.1771000000303502,0
100,drubblixqwo,negative_term,17,0.16879999998309358,0
100,drubblixqwo,negative_term,18,0.19589999999425345,0
100,drubblixqwo,negative_term,19,0.16660000000001673,0
100,wkxzploom,negative_term,0,0.8475000000203181,0
100,wkxzploom,negative_term,1,0.6624999999758074,0
100,wkxzploom,negative_term,2,0.38489999997182167,0
100,wkxzploom,negative_term,3,0.3254000000083579,0
100,wkxzploom,negative_term,4,0.47470000004068424,0
100,wkxzploom,negative_term,5,0.47849999998561543,0
100,wkxzploom,negative_term,6,0.4409000000009655,0
100,wkxzploom,negative_term,7,0.3422000000341541,0
100,wkxzploom,negative_term,8,0.3176000000166823,0
100,wkxzploom,negative_term,9,0.3380999999649248,0
100,wkxzploom,negative_term,10,0.3451000000040949,0
100,wkxzploom,negative_term,11,0.3060999999888736,0
100,wkxzploom,negative_term,12,0.2854999999613028,0
100,wkxzploom,negative_term,13,0.31039999998938583,0
100,wkxzploom,negative_term,14,0.30819999994946556,0
100,wkxzploom,negative_term,15,0.2906999999936488,0
100,wkxzploom,negative_term,16,0.34289999996417464,0
100,wkxzploom,negative_term,17,0.3078999999956977,0
100,wkxzploom,negative_term,18,0.2888000000211832,0
100,wkxzploom,negative_term,19,0.281200000017634,0
100,fjordplinthqux,negative_term,0,0.735299999973904,0
100,fjordplinthqux,negative_term,1,0.21650000002182423,0
100,fjordplinthqux,negative_term,2,0.2172999999743297,0
100,fjordplinthqux,negative_term,3,0.1771000000303502,0
100,fjordplinthqux,negative_term,4,0.17589999998790518,0
100,fjordplinthqux,negative_term,5,0.1726000000417116,0
100,fjordplinthqux,negative_term,6,0.16030000000455402,0
100,fjordplinthqux,negative_term,7,0.155799999959072,0
100,fjordplinthqux,negative_term,8,0.16499999998131898,0
100,fjordplinthqux,negative_term,9,0.15869999998585627,0
100,fjordplinthqux,negative_term,10,0.15450000000782893,0
100,fjordplinthqux,negative_term,11,0.15639999998029452,0
100,fjordplinthqux,negative_term,12,0.1546999999959553,0
100,fjordplinthqux,negative_term,13,0.15930000000707878,0
100,fjordplinthqux,negative_term,14,0.1960999999823798,0
100,fjordplinthqux,negative_term,15,0.16149999999015563,0
100,fjordplinthqux,negative_term,16,0.14979999997422055,0
100,fjordplinthqux,negative_term,17,0.1515000000154032,0
100,fjordplinthqux,negative_term,18,0.1545999999734704,0
100,fjordplinthqux,negative_term,19,0.16019999998206913,0
100,jvqxbreel,negative_term,0,0.19479999997429331,0
100,jvqxbreel,negative_term,1,0.19209999999247884,0
100,jvqxbreel,negative_term,2,0.1756999999997788,0
100,jvqxbreel,negative_term,3,0.16749999997500709,0
100,jvqxbreel,negative_term,4,0.2072000000339358,0
100,jvqxbreel,negative_term,5,0.28029999998580024,0
100,jvqxbreel,negative_term,6,0.22200000000793807,0
100,jvqxbreel,negative_term,7,0.21049999998012936,0
100,jvqxbreel,negative_term,8,0.21440000000438886,0
100,jvqxbreel,negative_term,9,0.22269999999480206,0
100,jvqxbreel,negative_term,10,0.29159999996863917,0
100,jvqxbreel,negative_term,11,0.20459999996091938,0
100,jvqxbreel,negative_term,12,0.18669999997200648,0
100,jvqxbreel,negative_term,13,0.1775999999722444,0
100,jvqxbreel,negative_term,14,0.187299999993229,0
100,jvqxbreel,negative_term,15,0.17719999999599167,0
100,jvqxbreel,negative_term,16,0.16900000002806337,0
100,jvqxbreel,negative_term,17,0.17869999999220454,0
100,jvqxbreel,negative_term,18,0.19930000001977533,0
100,jvqxbreel,negative_term,19,0.17619999999851643,0
100,vmblargwex,negative_term,0,0.5611000000271815,0
100,vmblargwex,negative_term,1,0.40050000001201624,0
100,vmblargwex,negative_term,2,0.34110000001419394,0
100,vmblargwex,negative_term,3,0.2979000000209453,0
100,vmblargwex,negative_term,4,0.34919999995963735,0
100,vmblargwex,negative_term,5,0.3114000000437045,0
100,vmblargwex,negative_term,6,0.2903000000173961,0
100,vmblargwex,negative_term,7,0.28409999998757485,0
100,vmblargwex,negative_term,8,0.3386999999861473,0
100,vmblargwex,negative_term,9,0.345699999968474,0
100,vmblargwex,negative_term,10,0.32190000001719454,0
100,vmblargwex,negative_term,11,0.28480000003128225,0
100,vmblargwex,negative_term,12,0.36020000004555186,0
100,vmblargwex,negative_term,13,0.41850000002341403,0
100,vmblargwex,negative_term,14,0.3391999999848849,0
100,vmblargwex,negative_term,15,0.36160000001927983,0
100,vmblargwex,negative_term,16,0.36790000001474255,0
100,vmblargwex,negative_term,17,0.32700000002705565,0
100,vmblargwex,negative_term,18,0.3065999999876112,0
100,vmblargwex,negative_term,19,0.32889999999952124,0
100,ploxxundriq,negative_term,0,0.5634999999983847,0
100,ploxxundriq,negative_term,1,0.2168000000324355,0
100,ploxxundriq,negative_term,2,0.1829000000270753,0
100,ploxxundriq,negative_term,3,0.23849999996627957,0
100,ploxxundriq,negative_term,4,0.2675999999723899,0
100,ploxxundriq,negative_term,5,0.22990000002209854,0
100,ploxxundriq,negative_term,6,0.19449999996368206,0
100,ploxxundriq,negative_term,7,0.17669999999725405,0
100,ploxxundriq,negative_term,8,0.16660000000001673,0
100,ploxxundriq,negative_term,9,0.1718999999980042,0
100,ploxxundriq,negative_term,10,0.16879999998309358,0
100,ploxxundriq,negative_term,11,0.18799999998009298,0
100,ploxxundriq,negative_term,12,0.16959999999244246,0
100,ploxxundriq,negative_term,13,0.15989999997145787,0
100,ploxxundriq,negative_term,14,0.17420000000356595,0
100,ploxxundriq,negative_term,15,0.16649999997753184,0
100,ploxxundriq,negative_term,16,0.15539999998281928,0
100,ploxxundriq,negative_term,17,0.1528000000234897,0
100,ploxxundriq,negative_term,18,0.15109999998230705,0
100,ploxxundriq,negative_term,19,0.16310000000885339,0
100,grindlewqxz,negative_term,0,0.445500000012089,0
100,grindlewqxz,negative_term,1,0.3988999999933185,0
100,grindlewqxz,negative_term,2,0.30770000000757136,0
100,grindlewqxz,negative_term,3,0.24869999998600179,0
100,grindlewqxz,negative_term,4,0.28589999999439897,0
100,grindlewqxz,negative_term,5,0.3513999999995576,0
100,grindlewqxz,negative_term,6,0.2339000000119995,0
100,grindlewqxz,negative_term,7,0.26000000002568413,0
100,grindlewqxz,negative_term,8,0.20310000002154993,0
100,grindlewqxz,negative_term,9,0.18710000000510263,0
100,grindlewqxz,negative_term,10,0.183999999990192,0
100,grindlewqxz,negative_term,11,0.21649999996498082,0
100,grindlewqxz,negative_term,12,0.21440000000438886,0
100,grindlewqxz,negative_term,13,0.18000000000029104,0
100,grindlewqxz,negative_term,14,0.16899999997121995,0
100,grindlewqxz,negative_term,15,0.1603999999701955,0
100,grindlewqxz,negative_term,16,0.16010000001642766,0
100,grindlewqxz,negative_term,17,0.15419999999721767,0
100,grindlewqxz,negative_term,18,0.22910000001274966,0
100,grindlewqxz,negative_term,19,0.17779999996037077,0
100,qwxztheronik,negative_term,0,0.35750000000689397,0
100,qwxztheronik,negative_term,1,0.3017000000227199,0
100,qwxztheronik,negative_term,2,0.32129999999597203,0
100,qwxztheronik,negative_term,3,0.4743000000075881,0
100,qwxztheronik,negative_term,4,0.31360000002678134,0
100,qwxztheronik,negative_term,5,0.30209999999897263,0
100,qwxztheronik,negative_term,6,0.5518000000392931,0
100,qwxztheronik,negative_term,7,0.4201000000421118,0
100,qwxztheronik,negative_term,8,0.33790000003364185,0
100,qwxztheronik,negative_term,9,0.3181999999810614,0
100,qwxztheronik,negative_term,10,0.32179999999470965,0
100,qwxztheronik,negative_term,11,0.3547999999682361,0
100,qwxztheronik,negative_term,12,0.3221000000053209,0
100,qwxztheronik,negative_term,13,0.2974000000222077,0
100,qwxztheronik,negative_term,14,0.28560000004063113,0
100,qwxztheronik,negative_term,15,0.30319999996208935,0
100,qwxztheronik,negative_term,16,0.29419999998481217,0
100,qwxztheronik,negative_term,17,0.28539999999566135,0
100,qwxztheronik,negative_term,18,0.31030000002374436,0
100,qwxztheronik,negative_term,19,0.2948000000060347,0
100,kangaroo marsupial pouch,negative_phrase,0,0.4653999999959524,0
100,kangaroo marsupial pouch,negative_phrase,1,0.4212000000052285,0
100,kangaroo marsupial pouch,negative_phrase,2,0.44509999997899286,0
100,kangaroo marsupial pouch,negative_phrase,3,0.4438000000277498,0
100,kangaroo marsupial pouch,negative_phrase,4,0.4147999999872809,0
100,kangaroo marsupial pouch,negative_phrase,5,0.4059999999981301,0
100,kangaroo marsupial pouch,negative_phrase,6,0.5792999999698623,0
100,kangaroo marsupial pouch,negative_phrase,7,0.57040000001507,0
100,kangaroo marsupial pouch,negative_phrase,8,0.5535000000236323,0
100,kangaroo marsupial pouch,negative_phrase,9,0.5233999999632033,0
100,kangaroo marsupial pouch,negative_phrase,10,0.6671999999525724,0
100,kangaroo marsupial pouch,negative_phrase,11,0.7436999999868021,0
100,kangaroo marsupial pouch,negative_phrase,12,0.46950000000833825,0
100,kangaroo marsupial pouch,negative_phrase,13,0.469899999984591,0
100,kangaroo marsupial pouch,negative_phrase,14,0.4403000000365864,0
100,kangaroo marsupial pouch,negative_phrase,15,0.4261999999926047,0
100,kangaroo marsupial pouch,negative_phrase,16,0.4476000000295244,0
100,kangaroo marsupial pouch,negative_phrase,17,0.4059999999981301,0
100,kangaroo marsupial pouch,negative_phrase,18,0.4398000000378488,0
100,kangaroo marsupial pouch,negative_phrase,19,0.44840000003887326,0
100,telescope nebula astronomy,negative_phrase,0,0.44390000005023467,0
100,telescope nebula astronomy,negative_phrase,1,0.5072999999811145,0
100,telescope nebula astronomy,negative_phrase,2,0.42220000000270375,0
100,telescope nebula astronomy,negative_phrase,3,0.4083000000036918,0
100,telescope nebula astronomy,negative_phrase,4,0.5345999999804008,0
100,telescope nebula astronomy,negative_phrase,5,0.4207000000064909,0
100,telescope nebula astronomy,negative_phrase,6,0.4129999999804568,0
100,telescope nebula astronomy,negative_phrase,7,0.4142999999885433,0
100,telescope nebula astronomy,negative_phrase,8,0.47189999997954146,0
100,telescope nebula astronomy,negative_phrase,9,0.5777999999736494,0
100,telescope nebula astronomy,negative_phrase,10,0.51989999997204,0
100,telescope nebula astronomy,negative_phrase,11,0.7092000000170628,0
100,telescope nebula astronomy,negative_phrase,12,0.5945999999994456,0
100,telescope nebula astronomy,negative_phrase,13,0.4489000000376109,0
100,telescope nebula astronomy,negative_phrase,14,0.4640999999878659,0
100,telescope nebula astronomy,negative_phrase,15,0.4549999999881038,0
100,telescope nebula astronomy,negative_phrase,16,0.41249999998171916,0
100,telescope nebula astronomy,negative_phrase,17,0.4473999999845546,0
100,telescope nebula astronomy,negative_phrase,18,0.41179999999485517,0
100,telescope nebula astronomy,negative_phrase,19,0.4466999999976906,0
100,hummingbird nectar pollination,negative_phrase,0,0.4463000000214379,0
100,hummingbird nectar pollination,negative_phrase,1,0.4064999999968677,0
100,hummingbird nectar pollination,negative_phrase,2,0.44139999999970314,0
100,hummingbird nectar pollination,negative_phrase,3,0.4097999999999047,0
100,hummingbird nectar pollination,negative_phrase,4,0.42040000005272304,0
100,hummingbird nectar pollination,negative_phrase,5,0.6515999999692212,0
100,hummingbird nectar pollination,negative_phrase,6,0.8602999999993699,0
100,hummingbird nectar pollination,negative_phrase,7,0.8624000000168053,0
100,hummingbird nectar pollination,negative_phrase,8,0.5780999999842606,0
100,hummingbird nectar pollination,negative_phrase,9,0.4806999999686923,0
100,hummingbird nectar pollination,negative_phrase,10,0.5097000000091612,0
100,hummingbird nectar pollination,negative_phrase,11,0.6003999999961707,0
100,hummingbird nectar pollination,negative_phrase,12,0.6539999999972679,0
100,hummingbird nectar pollination,negative_phrase,13,0.5065999999942505,0
100,hummingbird nectar pollination,negative_phrase,14,0.44579999996585684,0
100,hummingbird nectar pollination,negative_phrase,15,0.4372999999873173,0
100,hummingbird nectar pollination,negative_phrase,16,0.41509999999789216,0
100,hummingbird nectar pollination,negative_phrase,17,0.40890000002491433,0
100,hummingbird nectar pollination,negative_phrase,18,0.48670000001038716,0
100,hummingbird nectar pollination,negative_phrase,19,0.41889999999966676,0
100,ޥބޛސ ޠޅސޔ,negative_dhivehi,0,0.5619000000365304,0
100,ޥބޛސ ޠޅސޔ,negative_dhivehi,1,0.5018000000518441,0
100,ޥބޛސ ޠޅސޔ,negative_dhivehi,2,0.5633000000102584,0
100,ޥބޛސ ޠޅސޔ,negative_dhivehi,3,0.47779999999875145,0
100,ޥބޛސ ޠޅސޔ,negative_dhivehi,4,0.45610000000806394,0
100,ޥބޛސ ޠޅސޔ,negative_dhivehi,5,0.45160000001942535,0
100,ޥބޛސ ޠޅސޔ,negative_dhivehi,6,0.5401999999889995,0
100,ޥބޛސ ޠޅސޔ,negative_dhivehi,7,0.46939999998585336,0
100,ޥބޛސ ޠޅސޔ,negative_dhivehi,8,0.4655000000184373,0
100,ޥބޛސ ޠޅސޔ,negative_dhivehi,9,0.4595999999992273,0
100,ޥބޛސ ޠޅސޔ,negative_dhivehi,10,0.48110000000178843,0
100,ޥބޛސ ޠޅސޔ,negative_dhivehi,11,0.4913999999871521,0
100,ޥބޛސ ޠޅސޔ,negative_dhivehi,12,0.4607999999848289,0
100,ޥބޛސ ޠޅސޔ,negative_dhivehi,13,0.4845000000273103,0
100,ޥބޛސ ޠޅސޔ,negative_dhivehi,14,0.463999999965381,0
100,ޥބޛސ ޠޅސޔ,negative_dhivehi,15,0.4635000000234868,0
100,ޥބޛސ ޠޅސޔ,negative_dhivehi,16,0.4832000000192238,0
100,ޥބޛސ ޠޅސޔ,negative_dhivehi,17,0.4506000000219501,0
100,ޥބޛސ ޠޅސޔ,negative_dhivehi,18,0.6489999999530482,0
100,ޥބޛސ ޠޅސޔ,negative_dhivehi,19,0.5188999999745647,0
100,ޕފޑޘ ޖޠޞޏފޓ,negative_dhivehi,0,0.4696999999964646,0
100,ޕފޑޘ ޖޠޞޏފޓ,negative_dhivehi,1,0.708400000007714,0
100,ޕފޑޘ ޖޠޞޏފޓ,negative_dhivehi,2,0.4601999999636064,0
100,ޕފޑޘ ޖޠޞޏފޓ,negative_dhivehi,3,0.40300000000570435,0
100,ޕފޑޘ ޖޠޞޏފޓ,negative_dhivehi,4,0.6948000000193133,0
100,ޕފޑޘ ޖޠޞޏފޓ,negative_dhivehi,5,0.4076999999824693,0
100,ޕފޑޘ ޖޠޞޏފޓ,negative_dhivehi,6,0.41319999996858314,0
100,ޕފޑޘ ޖޠޞޏފޓ,negative_dhivehi,7,0.42680000001382723,0
100,ޕފޑޘ ޖޠޞޏފޓ,negative_dhivehi,8,0.3900000000385262,0
100,ޕފޑޘ ޖޠޞޏފޓ,negative_dhivehi,9,0.3967999999758831,0
100,ޕފޑޘ ޖޠޞޏފޓ,negative_dhivehi,10,0.39800000001832814,0
100,ޕފޑޘ ޖޠޞޏފޓ,negative_dhivehi,11,0.3720000000271284,0
100,ޕފޑޘ ޖޠޞޏފޓ,negative_dhivehi,12,0.44020000001410153,0
100,ޕފޑޘ ޖޠޞޏފޓ,negative_dhivehi,13,0.3758999999945445,0
100,ޕފޑޘ ޖޠޞޏފޓ,negative_dhivehi,14,0.5238999999619409,0
100,ޕފޑޘ ޖޠޞޏފޓ,negative_dhivehi,15,0.38309999996499755,0
100,ޕފޑޘ ޖޠޞޏފޓ,negative_dhivehi,16,0.4021999999963555,0
100,ޕފޑޘ ޖޠޞޏފޓ,negative_dhivehi,17,0.3676000000041313,0
100,ޕފޑޘ ޖޠޞޏފޓ,negative_dhivehi,18,0.3580000000056316,0
100,ޕފޑޘ ޖޠޞޏފޓ,negative_dhivehi,19,0.4448999999908665,0
100,ޑޕސޕ,negative_dhivehi,0,0.32200000003967943,0
100,ޑޕސޕ,negative_dhivehi,1,0.3290999999876476,0
100,ޑޕސޕ,negative_dhivehi,2,0.3087000000050466,0
100,ޑޕސޕ,negative_dhivehi,3,0.2880999999774758,0
100,ޑޕސޕ,negative_dhivehi,4,0.2791999999658401,0
100,ޑޕސޕ,negative_dhivehi,5,0.33889999997427367,0
100,ޑޕސޕ,negative_dhivehi,6,0.32889999999952124,0
100,ޑޕސޕ,negative_dhivehi,7,0.2988999999615771,0
100,ޑޕސޕ,negative_dhivehi,8,0.28230000003759415,0
100,ޑޕސޕ,negative_dhivehi,9,0.30459999999266074,0
100,ޑޕސޕ,negative_dhivehi,10,0.29760000001033404,0
100,ޑޕސޕ,negative_dhivehi,11,0.30400000002828165,0
100,ޑޕސޕ,negative_dhivehi,12,0.29260000002295783,0
100,ޑޕސޕ,negative_dhivehi,13,0.30780000003005625,0
100,ޑޕސޕ,negative_dhivehi,14,0.290400000039881,0
100,ޑޕސޕ,negative_dhivehi,15,0.2848999999969237,0
100,ޑޕސޕ,negative_dhivehi,16,0.2814000000057604,0
100,ޑޕސޕ,negative_dhivehi,17,0.2986000000078093,0
100,ޑޕސޕ,negative_dhivehi,18,0.32190000001719454,0
100,ޑޕސޕ,negative_dhivehi,19,0.29490000002851957,0
100,ޛށޝޛލ ޢގހޔމހ,negative_dhivehi,0,0.5749000000037086,0
100,ޛށޝޛލ ޢގހޔމހ,negative_dhivehi,1,0.5750000000261934,0
100,ޛށޝޛލ ޢގހޔމހ,negative_dhivehi,2,0.8455999999910091,0
100,ޛށޝޛލ ޢގހޔމހ,negative_dhivehi,3,1.0934000000020205,0
100,ޛށޝޛލ ޢގހޔމހ,negative_dhivehi,4,0.684700000022076,0
100,ޛށޝޛލ ޢގހޔމހ,negative_dhivehi,5,0.6028000000242173,0
100,ޛށޝޛލ ޢގހޔމހ,negative_dhivehi,6,0.6346000000121421,0
100,ޛށޝޛލ ޢގހޔމހ,negative_dhivehi,7,0.5570999999804371,0
100,ޛށޝޛލ ޢގހޔމހ,negative_dhivehi,8,0.5415000000539294,0
100,ޛށޝޛލ ޢގހޔމހ,negative_dhivehi,9,0.6430999999906817,0
100,ޛށޝޛލ ޢގހޔމހ,negative_dhivehi,10,0.5696000000057211,0
100,ޛށޝޛލ ޢގހޔމހ,negative_dhivehi,11,0.5514000000061969,0
100,ޛށޝޛލ ޢގހޔމހ,negative_dhivehi,12,0.5365000000097098,0
100,ޛށޝޛލ ޢގހޔމހ,negative_dhivehi,13,0.6113000000027569,0
100,ޛށޝޛލ ޢގހޔމހ,negative_dhivehi,14,0.5461000000082095,0
100,ޛށޝޛލ ޢގހޔމހ,negative_dhivehi,15,0.539400000036494,0
100,ޛށޝޛލ ޢގހޔމހ,negative_dhivehi,16,0.5810000000110449,0
100,ޛށޝޛލ ޢގހޔމހ,negative_dhivehi,17,0.5466000000069471,0
100,ޛށޝޛލ ޢގހޔމހ,negative_dhivehi,18,0.5893000000014581,0
100,ޛށޝޛލ ޢގހޔމހ,negative_dhivehi,19,0.548699999967539,0
100,ވޘއހޜޅ ވޡޗޓފޏ,negative_dhivehi,0,0.4742999999507447,0
100,ވޘއހޜޅ ވޡޗޓފޏ,negative_dhivehi,1,0.3954999999677966,0
100,ވޘއހޜޅ ވޡޗޓފޏ,negative_dhivehi,2,0.3747000000089429,0
100,ވޘއހޜޅ ވޡޗޓފޏ,negative_dhivehi,3,0.41709999999284264,0
100,ވޘއހޜޅ ވޡޗޓފޏ,negative_dhivehi,4,0.41260000000420405,0
100,ވޘއހޜޅ ވޡޗޓފޏ,negative_dhivehi,5,0.3690000000347027,0
100,ވޘއހޜޅ ވޡޗޓފޏ,negative_dhivehi,6,0.39420000001655353,0
100,ވޘއހޜޅ ވޡޗޓފޏ,negative_dhivehi,7,0.3676000000041313,0
100,ވޘއހޜޅ ވޡޗޓފޏ,negative_dhivehi,8,0.3722000000152548,0
100,ވޘއހޜޅ ވޡޗޓފޏ,negative_dhivehi,9,0.417299999980969,0
100,ވޘއހޜޅ ވޡޗޓފޏ,negative_dhivehi,10,0.3682999999909953,0
100,ވޘއހޜޅ ވޡޗޓފޏ,negative_dhivehi,11,0.40619999998625644,0
100,ވޘއހޜޅ ވޡޗޓފޏ,negative_dhivehi,12,0.6463999999937187,0
100,ވޘއހޜޅ ވޡޗޓފޏ,negative_dhivehi,13,0.7682000000386324,0
100,ވޘއހޜޅ ވޡޗޓފޏ,negative_dhivehi,14,0.5993999999986954,0
100,ވޘއހޜޅ ވޡޗޓފޏ,negative_dhivehi,15,0.7977000000209955,0
100,ވޘއހޜޅ ވޡޗޓފޏ,negative_dhivehi,16,0.605299999961062,0
100,ވޘއހޜޅ ވޡޗޓފޏ,negative_dhivehi,17,0.5006000000093991,0
100,ވޘއހޜޅ ވޡޗޓފޏ,negative_dhivehi,18,0.4946999999901891,0
100,ވޘއހޜޅ ވޡޗޓފޏ,negative_dhivehi,19,0.4090999999561973,0
100,ޔޓޘލ,negative_dhivehi,0,0.3585000000043692,0
100,ޔޓޘލ,negative_dhivehi,1,0.37159999999403226,0
100,ޔޓޘލ,negative_dhivehi,2,0.3335999999762862,0
100,ޔޓޘލ,negative_dhivehi,3,0.4619999999704305,0
100,ޔޓޘލ,negative_dhivehi,4,0.36470000003419045,0
100,ޔޓޘލ,negative_dhivehi,5,0.4067000000418375,0
100,ޔޓޘލ,negative_dhivehi,6,0.34480000005032707,0
100,ޔޓޘލ,negative_dhivehi,7,0.36579999999730717,0
100,ޔޓޘލ,negative_dhivehi,8,0.33080000002883025,0
100,ޔޓޘލ,negative_dhivehi,9,0.2979000000209453,0
100,ޔޓޘލ,negative_dhivehi,10,0.32500000003210516,0
100,ޔޓޘލ,negative_dhivehi,11,0.304900000003272,0
100,ޔޓޘލ,negative_dhivehi,12,0.2916000000254826,0
100,ޔޓޘލ,negative_dhivehi,13,0.47000000000707587,0
100,ޔޓޘލ,negative_dhivehi,14,0.32570000001896915,0
100,ޔޓޘލ,negative_dhivehi,15,0.29869999997345076,0
100,ޔޓޘލ,negative_dhivehi,16,0.2906999999936488,0
100,ޔޓޘލ,negative_dhivehi,17,0.32310000000279615,0
100,ޔޓޘލ,negative_dhivehi,18,0.30140000001210865,0
100,ޔޓޘލ,negative_dhivehi,19,0.2923000000123466,0
100,ޙޣޅލޔޑ ޣޞސލދ,negative_dhivehi,0,0.5629999999996471,0
100,ޙޣޅލޔޑ ޣޞސލދ,negative_dhivehi,1,0.47970000002806046,0
100,ޙޣޅލޔޑ ޣޞސލދ,negative_dhivehi,2,0.4577999999924032,0
100,ޙޣޅލޔޑ ޣޞސލދ,negative_dhivehi,3,0.4976999999826148,0
100,ޙޣޅލޔޑ ޣޞސލދ,negative_dhivehi,4,0.49569999998766434,0
100,ޙޣޅލޔޑ ޣޞސލދ,negative_dhivehi,5,0.47460000001819935,0
100,ޙޣޅލޔޑ ޣޞސލދ,negative_dhivehi,6,0.5102000000078988,0
100,ޙޣޅލޔޑ ޣޞސލދ,negative_dhivehi,7,0.6647000000157277,0
100,ޙޣޅލޔޑ ޣޞސލދ,negative_dhivehi,8,0.6036999999992076,0
100,ޙޣޅލޔޑ ޣޞސލދ,negative_dhivehi,9,0.4775000000449836,0
100,ޙޣޅލޔޑ ޣޞސލދ,negative_dhivehi,10,0.51050000001851,0
100,ޙޣޅލޔޑ ޣޞސލދ,negative_dhivehi,11,0.606500000003507,0
100,ޙޣޅލޔޑ ޣޞސލދ,negative_dhivehi,12,0.9457999999540334,0
100,ޙޣޅލޔޑ ޣޞސލދ,negative_dhivehi,13,0.724800000000414,0
100,ޙޣޅލޔޑ ޣޞސލދ,negative_dhivehi,14,0.6320999999616106,0
100,ޙޣޅލޔޑ ޣޞސލދ,negative_dhivehi,15,0.5909999999857973,0
100,ޙޣޅލޔޑ ޣޞސލދ,negative_dhivehi,16,0.5557000000067092,0
100,ޙޣޅލޔޑ ޣޞސލދ,negative_dhivehi,17,0.5260000000362197,0
100,ޙޣޅލޔޑ ޣޞސލދ,negative_dhivehi,18,0.5327000000079352,0
100,ޙޣޅލޔޑ ޣޞސލދ,negative_dhivehi,19,0.5148999999846637,0
100,ޝއނފމ ޙޅޗޘ,negative_dhivehi,0,0.6290999999691849,0
100,ޝއނފމ ޙޅޗޘ,negative_dhivehi,1,0.6160000000363652,0
100,ޝއނފމ ޙޅޗޘ,negative_dhivehi,2,0.498100000015711,0
100,ޝއނފމ ޙޅޗޘ,negative_dhivehi,3,0.41140000001860244,0
100,ޝއނފމ ޙޅޗޘ,negative_dhivehi,4,0.469899999984591,0
100,ޝއނފމ ޙޅޗޘ,negative_dhivehi,5,0.4038999999806947,0
100,ޝއނފމ ޙޅޗޘ,negative_dhivehi,6,0.4433999999946536,0
100,ޝއނފމ ޙޅޗޘ,negative_dhivehi,7,0.38559999995868566,0
100,ޝއނފމ ޙޅޗޘ,negative_dhivehi,8,0.4396999999585205,0
100,ޝއނފމ ޙޅޗޘ,negative_dhivehi,9,0.40230000001884036,0
100,ޝއނފމ ޙޅޗޘ,negative_dhivehi,10,0.4217999999696076,0
100,ޝއނފމ ޙޅޗޘ,negative_dhivehi,11,0.42220000000270375,0
100,ޝއނފމ ޙޅޗޘ,negative_dhivehi,12,0.3854000000274027,0
100,ޝއނފމ ޙޅޗޘ,negative_dhivehi,13,0.4433999999946536,0
100,ޝއނފމ ޙޅޗޘ,negative_dhivehi,14,0.3846999999836953,0
100,ޝއނފމ ޙޅޗޘ,negative_dhivehi,15,0.4384000000072774,0
100,ޝއނފމ ޙޅޗޘ,negative_dhivehi,16,0.4184999999665706,0
100,ޝއނފމ ޙޅޗޘ,negative_dhivehi,17,0.45149999999694046,0
100,ޝއނފމ ޙޅޗޘ,negative_dhivehi,18,0.3845999999612104,0
100,ޝއނފމ ޙޅޗޘ,negative_dhivehi,19,0.36599999998543353,0
250,data,single_term,0,230.1694000000225,20
250,data,single_term,1,227.35369999998056,20
250,data,single_term,2,228.77130000000534,20
250,data,single_term,3,239.4249999999829,20
250,data,single_term,4,229.16650000001937,20
250,data,single_term,5,230.9451000000422,20
250,data,single_term,6,227.37790000002178,20
250,data,single_term,7,225.77629999994997,20
250,data,single_term,8,233.3358000000203,20
250,data,single_term,9,230.9872000000155,20
250,data,single_term,10,232.04439999994975,20
250,data,single_term,11,226.91380000003392,20
250,data,single_term,12,227.5677000000087,20
250,data,single_term,13,228.10299999997596,20
250,data,single_term,14,233.16360000001168,20
250,data,single_term,15,230.1506999999674,20
250,data,single_term,16,235.1427000000399,20
250,data,single_term,17,230.89129999999614,20
250,data,single_term,18,236.4793000000418,20
250,data,single_term,19,244.46440000002667,20
250,annual report,phrase,0,201.94639999999708,20
250,annual report,phrase,1,196.38570000000755,20
250,annual report,phrase,2,198.80130000001373,20
250,annual report,phrase,3,203.5999000000288,20
250,annual report,phrase,4,201.79380000001856,20
250,annual report,phrase,5,209.01750000001584,20
250,annual report,phrase,6,204.6544000000381,20
250,annual report,phrase,7,206.32530000000315,20
250,annual report,phrase,8,202.65380000000732,20
250,annual report,phrase,9,196.40090000001464,20
250,annual report,phrase,10,200.47009999996135,20
250,annual report,phrase,11,207.40030000001752,20
250,annual report,phrase,12,206.26240000001417,20
250,annual report,phrase,13,197.85919999998214,20
250,annual report,phrase,14,203.12400000000252,20
250,annual report,phrase,15,200.90970000001107,20
250,annual report,phrase,16,204.35519999995222,20
250,annual report,phrase,17,202.34770000001845,20
250,annual report,phrase,18,200.55210000003854,20
250,annual report,phrase,19,200.90160000000878,20
250,000,filename_prefix,0,16.769099999976333,20
250,000,filename_prefix,1,13.978299999962474,20
250,000,filename_prefix,2,14.273199999990993,20
250,000,filename_prefix,3,15.062999999997828,20
250,000,filename_prefix,4,13.669400000026144,20
250,000,filename_prefix,5,13.546300000029987,20
250,000,filename_prefix,6,13.549699999998666,20
250,000,filename_prefix,7,13.568000000020675,20
250,000,filename_prefix,8,13.393699999994624,20
250,000,filename_prefix,9,13.97190000000137,20
250,000,filename_prefix,10,13.363999999967291,20
250,000,filename_prefix,11,12.87880000000996,20
250,000,filename_prefix,12,13.063400000021375,20
250,000,filename_prefix,13,13.63459999998895,20
250,000,filename_prefix,14,14.327700000023924,20
250,000,filename_prefix,15,13.360099999999875,20
250,000,filename_prefix,16,13.447100000007595,20
250,000,filename_prefix,17,13.17829999999276,20
250,000,filename_prefix,18,13.171999999997297,20
250,000,filename_prefix,19,13.370199999997112,20
250,ދިވެހި,dhivehi,0,1.0953000000313295,0
250,ދިވެހި,dhivehi,1,0.2734999999915999,0
250,ދިވެހި,dhivehi,2,0.252999999986514,0
250,ދިވެހި,dhivehi,3,0.21299999997381747,0
250,ދިވެހި,dhivehi,4,0.19639999999299107,0
250,ދިވެހި,dhivehi,5,0.20940000001701264,0
250,ދިވެހި,dhivehi,6,0.2537999999958629,0
250,ދިވެހި,dhivehi,7,0.20090000003847308,0
250,ދިވެހި,dhivehi,8,0.3465000000346663,0
250,ދިވެހި,dhivehi,9,0.24330000002237284,0
250,ދިވެހި,dhivehi,10,0.23370000002387314,0
250,ދިވެހި,dhivehi,11,0.22979999999961365,0
250,ދިވެހި,dhivehi,12,0.18870000002380038,0
250,ދިވެހި,dhivehi,13,0.1807999999527965,0
250,ދިވެހި,dhivehi,14,0.19079999998439234,0
250,ދިވެހި,dhivehi,15,0.18369999997958075,0
250,ދިވެހި,dhivehi,16,0.1737999999704698,0
250,ދިވެހި,dhivehi,17,0.17619999999851643,0
250,ދިވެހި,dhivehi,18,0.25599999997893974,0
250,ދިވެހި,dhivehi,19,0.19349999996620681,0
250,qyzzlephtn,negative_term,0,0.5985999999893465,0
250,qyzzlephtn,negative_term,1,0.22339999998166604,0
250,qyzzlephtn,negative_term,2,0.1834999999914544,0
250,qyzzlephtn,negative_term,3,0.21130000004632166,0
250,qyzzlephtn,negative_term,4,0.17459999997981868,0
250,qyzzlephtn,negative_term,5,0.1656000000025415,0
250,qyzzlephtn,negative_term,6,0.16020000003891255,0
250,qyzzlephtn,negative_term,7,0.16749999997500709,0
250,qyzzlephtn,negative_term,8,0.15680000001339067,0
250,qyzzlephtn,negative_term,9,0.186600000006365,0
250,qyzzlephtn,negative_term,10,0.1622999999995045,0
250,qyzzlephtn,negative_term,11,0.1579000000333508,0
250,qyzzlephtn,negative_term,12,0.14729999998053245,0
250,qyzzlephtn,negative_term,13,0.15630000001465305,0
250,qyzzlephtn,negative_term,14,0.1571999999896434,0
250,qyzzlephtn,negative_term,15,0.18039999997654377,0
250,qyzzlephtn,negative_term,16,0.16540000001441513,0
250,qyzzlephtn,negative_term,17,0.1611000000139029,0
250,qyzzlephtn,negative_term,18,0.1565999999684209,0
250,qyzzlephtn,negative_term,19,0.15559999997094565,0
250,drubblixqwo,negative_term,0,0.30579999997826235,0
250,drubblixqwo,negative_term,1,0.21069999996825572,0
250,drubblixqwo,negative_term,2,0.44829999995954495,0
250,drubblixqwo,negative_term,3,0.48750000001973604,0
250,drubblixqwo,negative_term,4,0.2236999999922773,0
250,drubblixqwo,negative_term,5,0.2140999999937776,0
250,drubblixqwo,negative_term,6,0.1924000000030901,0
250,drubblixqwo,negative_term,7,0.1776999999947293,0
250,drubblixqwo,negative_term,8,0.329100000044491,0
250,drubblixqwo,negative_term,9,0.2197999999680178,0
250,drubblixqwo,negative_term,10,0.2334000000132619,0
250,drubblixqwo,negative_term,11,0.19190000000435248,0
250,drubblixqwo,negative_term,12,0.1791000000253007,0
250,drubblixqwo,negative_term,13,0.1732000000060907,0
250,drubblixqwo,negative_term,14,0.16790000000810323,0
250,drubblixqwo,negative_term,15,0.2160999999887281,0
250,drubblixqwo,negative_term,16,0.1956000000404856,0
250,drubblixqwo,negative_term,17,0.17090000000052896,0
250,drubblixqwo,negative_term,18,0.16149999999015563,0
250,drubblixqwo,negative_term,19,0.17139999999926658,0
250,wkxzploom,negative_term,0,0.8627000000274165,0
250,wkxzploom,negative_term,1,0.3905000000372638,0
250,wkxzploom,negative_term,2,0.32299999998031126,0
250,wkxzploom,negative_term,3,0.3381000000217682,0
250,wkxzploom,negative_term,4,0.2903000000173961,0
250,wkxzploom,negative_term,5,0.3157000000442167,0
250,wkxzploom,negative_term,6,0.4121999999711079,0
250,wkxzploom,negative_term,7,0.3027999999858366,0
250,wkxzploom,negative_term,8,0.30720000000883374,0
250,wkxzploom,negative_term,9,0.53629999996474,0
250,wkxzploom,negative_term,10,0.3209999999853608,0
250,wkxzploom,negative_term,11,0.37109999999529464,0
250,wkxzploom,negative_term,12,0.36140000003115347,0
250,wkxzploom,negative_term,13,0.3096000000368804,0
250,wkxzploom,negative_term,14,0.33580000001620647,0
250,wkxzploom,negative_term,15,0.3054999999676511,0
250,wkxzploom,negative_term,16,0.31730000000607106,0
250,wkxzploom,negative_term,17,0.3164999999967222,0
250,wkxzploom,negative_term,18,0.30039999995779,0
250,wkxzploom,negative_term,19,0.2824999999688771,0
250,fjordplinthqux,negative_term,0,0.7534999999734282,0
250,fjordplinthqux,negative_term,1,0.20660000001271328,0
250,fjordplinthqux,negative_term,2,0.1776999999947293,0
250,fjordplinthqux,negative_term,3,0.16529999999193024,0
250,fjordplinthqux,negative_term,4,0.2001000000291242,0
250,fjordplinthqux,negative_term,5,0.18340000002581291,0
250,fjordplinthqux,negative_term,6,0.16379999999571737,0
250,fjordplinthqux,negative_term,7,0.16130000000202926,0
250,fjordplinthqux,negative_term,8,0.1515000000154032,0
250,fjordplinthqux,negative_term,9,0.15229999996790866,0
250,fjordplinthqux,negative_term,10,0.20870000003014866,0
250,fjordplinthqux,negative_term,11,0.18779999999196662,0
250,fjordplinthqux,negative_term,12,0.16149999999015563,0
250,fjordplinthqux,negative_term,13,0.1573000000121283,0
250,fjordplinthqux,negative_term,14,0.17630000002100132,0
250,fjordplinthqux,negative_term,15,0.1720000000204891,0
250,fjordplinthqux,negative_term,16,0.15750000000025466,0
250,fjordplinthqux,negative_term,17,0.15309999997725754,0
250,fjordplinthqux,negative_term,18,0.14950000002045272,0
250,fjordplinthqux,negative_term,19,0.23049999998647763,0
250,jvqxbreel,negative_term,0,0.22330000001602457,0
250,jvqxbreel,negative_term,1,0.3342999999631502,0
250,jvqxbreel,negative_term,2,0.4121000000054664,0
250,jvqxbreel,negative_term,3,1.0234999999738648,0
250,jvqxbreel,negative_term,4,0.2487000000428452,0
250,jvqxbreel,negative_term,5,0.21490000000312648,0
250,jvqxbreel,negative_term,6,0.23360000000138825,0
250,jvqxbreel,negative_term,7,0.20879999999579013,0
250,jvqxbreel,negative_term,8,0.18640000001823864,0
250,jvqxbreel,negative_term,9,0.17329999997173218,0
250,jvqxbreel,negative_term,10,0.1791000000253007,0
250,jvqxbreel,negative_term,11,0.16629999998940548,0
250,jvqxbreel,negative_term,12,0.1790000000028158,0
250,jvqxbreel,negative_term,13,0.21240000000943837,0
250,jvqxbreel,negative_term,14,0.1641999999719701,0
250,jvqxbreel,negative_term,15,0.15439999998534404,0
250,jvqxbreel,negative_term,16,0.15430000001970257,0
250,jvqxbreel,negative_term,17,0.16510000000380387,0
250,jvqxbreel,negative_term,18,0.15770000004522444,0
250,jvqxbreel,negative_term,19,0.1495999999860942,0
250,vmblargwex,negative_term,0,0.6757999999535969,0
250,vmblargwex,negative_term,1,0.38590000002614033,0
250,vmblargwex,negative_term,2,0.32260000000405853,0
250,vmblargwex,negative_term,3,0.3308999999944717,0
250,vmblargwex,negative_term,4,0.348999999971511,0
250,vmblargwex,negative_term,5,0.3277999999795611,0
250,vmblargwex,negative_term,6,0.3065999999876112,0
250,vmblargwex,negative_term,7,0.31810000001541994,0
250,vmblargwex,negative_term,8,0.30010000000402215,0
250,vmblargwex,negative_term,9,0.2908999999817752,0
250,vmblargwex,negative_term,10,0.5776000000423664,0
250,vmblargwex,negative_term,11,0.4415999999878295,0
250,vmblargwex,negative_term,12,0.36460000001170556,0
250,vmblargwex,negative_term,13,0.33710000002429297,0
250,vmblargwex,negative_term,14,0.4768999999669177,0
250,vmblargwex,negative_term,15,0.3782999999657477,0
250,vmblargwex,negative_term,16,0.32310000000279615,0
250,vmblargwex,negative_term,17,0.30059999994591635,0
250,vmblargwex,negative_term,18,0.3432999999972708,0
250,vmblargwex,negative_term,19,0.4199999999627835,0
250,ploxxundriq,negative_term,0,0.6328999999709595,0
250,ploxxundriq,negative_term,1,0.22599999999783904,0
250,ploxxundriq,negative_term,2,0.19910000003164896,0
250,ploxxundriq,negative_term,3,0.1886000000013155,0
250,ploxxundriq,negative_term,4,0.22450000000162618,0
250,ploxxundriq,negative_term,5,0.1993999999854168,0
250,ploxxundriq,negative_term,6,0.18010000002277593,0
250,ploxxundriq,negative_term,7,0.18440000002328816,0
250,ploxxundriq,negative_term,8,0.178799999957846,0
250,ploxxundriq,negative_term,9,0.2064999999902284,0
250,ploxxundriq,negative_term,10,0.1752000000010412,0
250,ploxxundriq,negative_term,11,0.16790000000810323,0
250,ploxxundriq,negative_term,12,0.16139999996767074,0
250,ploxxundriq,negative_term,13,0.16959999999244246,0
250,ploxxundriq,negative_term,14,0.1603999999701955,0
250,ploxxundriq,negative_term,15,0.19000000003188688,0
250,ploxxundriq,negative_term,16,0.16089999996893312,0
250,ploxxundriq,negative_term,17,0.17360000003918685,0
250,ploxxundriq,negative_term,18,0.16449999998258136,0
250,ploxxundriq,negative_term,19,0.16160000001264052,0
250,grindlewqxz,negative_term,0,0.2139999999712927,0
250,grindlewqxz,negative_term,1,0.21799999996119368,0
250,grindlewqxz,negative_term,2,0.1852999999982785,0
250,grindlewqxz,negative_term,3,0.1718999999980042,0
250,grindlewqxz,negative_term,4,0.16379999999571737,0
250,grindlewqxz,negative_term,5,0.19579999997176856,0
250,grindlewqxz,negative_term,6,1.0588999999754378,0
250,grindlewqxz,negative_term,7,1.3151999999649888,0
250,grindlewqxz,negative_term,8,0.26289999999562497,0
250,grindlewqxz,negative_term,9,0.584199999991597,0
250,grindlewqxz,negative_term,10,0.2569000000107735,0
250,grindlewqxz,negative_term,11,0.2528999999640291,0
250,grindlewqxz,negative_term,12,0.20310000002154993,0
250,grindlewqxz,negative_term,13,0.43759999999792853,0
250,grindlewqxz,negative_term,14,0.26559999997743944,0
250,grindlewqxz,negative_term,15,0.22079999996549304,0
250,grindlewqxz,negative_term,16,0.5267999999887252,0
250,grindlewqxz,negative_term,17,0.4551000000105887,0
250,grindlewqxz,negative_term,18,0.2766000000065105,0
250,grindlewqxz,negative_term,19,0.21939999999176507,0
250,qwxztheronik,negative_term,0,0.5785999999829983,0
250,qwxztheronik,negative_term,1,0.650400000040463,0
250,qwxztheronik,negative_term,2,0.4180999999903179,0
250,qwxztheronik,negative_term,3,0.34540000001470617,0
250,qwxztheronik,negative_term,4,0.3163999999742373,0
250,qwxztheronik,negative_term,5,0.3418999999666994,0
250,qwxztheronik,negative_term,6,0.34360000000788204,0
250,qwxztheronik,negative_term,7,0.32879999997703635,0
250,qwxztheronik,negative_term,8,0.3024000000095839,0
250,qwxztheronik,negative_term,9,0.2865000000156215,0
250,qwxztheronik,negative_term,10,0.3060999999888736,0
250,qwxztheronik,negative_term,11,0.42220000000270375,0
250,qwxztheronik,negative_term,12,0.4264000000375745,0
250,qwxztheronik,negative_term,13,0.36420000003545283,0
250,qwxztheronik,negative_term,14,0.333800000021256,0
250,qwxztheronik,negative_term,15,0.3140000000030341,0
250,qwxztheronik,negative_term,16,0.41509999999789216,0
250,qwxztheronik,negative_term,17,0.37100000002965317,0
250,qwxztheronik,negative_term,18,0.32819999995581384,0
250,qwxztheronik,negative_term,19,0.32640000000583314,0
250,kangaroo marsupial pouch,negative_phrase,0,0.44980000001260123,0
250,kangaroo marsupial pouch,negative_phrase,1,0.4749999999944521,0
250,kangaroo marsupial pouch,negative_phrase,2,0.41889999999966676,0
250,kangaroo marsupial pouch,negative_phrase,3,0.4941999999914515,0
250,kangaroo marsupial pouch,negative_phrase,4,0.4256999999938671,0
250,kangaroo marsupial pouch,negative_phrase,5,0.4193999999984044,0
250,kangaroo marsupial pouch,negative_phrase,6,0.46589999999469,0
250,kangaroo marsupial pouch,negative_phrase,7,0.4073000000062166,0
250,kangaroo marsupial pouch,negative_phrase,8,0.4498999999782427,0
250,kangaroo marsupial pouch,negative_phrase,9,0.42020000000775326,0
250,kangaroo marsupial pouch,negative_phrase,10,0.5181000000220592,0
250,kangaroo marsupial pouch,negative_phrase,11,0.41389999995544713,0
250,kangaroo marsupial pouch,negative_phrase,12,0.4116000000067288,0
250,kangaroo marsupial pouch,negative_phrase,13,0.44059999999035426,0
250,kangaroo marsupial pouch,negative_phrase,14,0.4083000000036918,0
250,kangaroo marsupial pouch,negative_phrase,15,0.7744999999772517,0
250,kangaroo marsupial pouch,negative_phrase,16,0.5160999999702653,0
250,kangaroo marsupial pouch,negative_phrase,17,0.6745000000023538,0
250,kangaroo marsupial pouch,negative_phrase,18,0.5100999999854139,0
250,kangaroo marsupial pouch,negative_phrase,19,0.5807000000004336,0
250,telescope nebula astronomy,negative_phrase,0,0.4902000000015505,0
250,telescope nebula astronomy,negative_phrase,1,0.48789999999598876,0
250,telescope nebula astronomy,negative_phrase,2,0.46170000001666267,0
250,telescope nebula astronomy,negative_phrase,3,0.4276999999888176,0
250,telescope nebula astronomy,negative_phrase,4,0.48609999998916464,0
250,telescope nebula astronomy,negative_phrase,5,0.419200000010278,0
250,telescope nebula astronomy,negative_phrase,6,0.4642000000103508,0
250,telescope nebula astronomy,negative_phrase,7,0.4197999999746571,0
250,telescope nebula astronomy,negative_phrase,8,0.48920000000407526,0
250,telescope nebula astronomy,negative_phrase,9,0.42859999996380793,0
250,telescope nebula astronomy,negative_phrase,10,0.4379000000085398,0
250,telescope nebula astronomy,negative_phrase,11,0.4820999999992637,0
250,telescope nebula astronomy,negative_phrase,12,0.4247999999620333,0
250,telescope nebula astronomy,negative_phrase,13,0.5009999999856518,0
250,telescope nebula astronomy,negative_phrase,14,0.44179999997595587,0
250,telescope nebula astronomy,negative_phrase,15,0.46049999997421764,0
250,telescope nebula astronomy,negative_phrase,16,0.4134999999791944,0
250,telescope nebula astronomy,negative_phrase,17,0.4654000000527958,0
250,telescope nebula astronomy,negative_phrase,18,0.4820999999992637,0
250,telescope nebula astronomy,negative_phrase,19,0.4092000000355256,0
250,hummingbird nectar pollination,negative_phrase,0,0.4781000000093627,0
250,hummingbird nectar pollination,negative_phrase,1,0.46050000003106106,0
250,hummingbird nectar pollination,negative_phrase,2,0.5017999999950007,0
250,hummingbird nectar pollination,negative_phrase,3,0.43110000001433946,0
250,hummingbird nectar pollination,negative_phrase,4,0.5437999999458043,0
250,hummingbird nectar pollination,negative_phrase,5,0.4299999999943793,0
250,hummingbird nectar pollination,negative_phrase,6,0.4556999999749678,0
250,hummingbird nectar pollination,negative_phrase,7,0.439599999992879,0
250,hummingbird nectar pollination,negative_phrase,8,0.6495000000086293,0
250,hummingbird nectar pollination,negative_phrase,9,0.48419999995985563,0
250,hummingbird nectar pollination,negative_phrase,10,0.4385000000297623,0
250,hummingbird nectar pollination,negative_phrase,11,0.725499999987278,0
250,hummingbird nectar pollination,negative_phrase,12,0.5553000000304564,0
250,hummingbird nectar pollination,negative_phrase,13,0.4653999999959524,0
250,hummingbird nectar pollination,negative_phrase,14,0.5084000000010747,0
250,hummingbird nectar pollination,negative_phrase,15,0.43749999997544364,0
250,hummingbird nectar pollination,negative_phrase,16,0.4177999999797066,0
250,hummingbird nectar pollination,negative_phrase,17,0.46250000002601155,0
250,hummingbird nectar pollination,negative_phrase,18,0.4243999999857806,0
250,hummingbird nectar pollination,negative_phrase,19,0.5257999999912499,0
250,ޥބޛސ ޠޅސޔ,negative_dhivehi,0,0.6515999999692212,0
250,ޥބޛސ ޠޅސޔ,negative_dhivehi,1,0.5403000000114844,0
250,ޥބޛސ ޠޅސޔ,negative_dhivehi,2,0.5213000000026113,0
250,ޥބޛސ ޠޅސޔ,negative_dhivehi,3,0.46879999996463084,0
250,ޥބޛސ ޠޅސޔ,negative_dhivehi,4,0.5063000000404827,0
250,ޥބޛސ ޠޅސޔ,negative_dhivehi,5,0.4663999999934276,0
250,ޥބޛސ ޠޅސޔ,negative_dhivehi,6,0.5280000000311702,0
250,ޥބޛސ ޠޅސޔ,negative_dhivehi,7,0.4721999999901527,0
250,ޥބޛސ ޠޅސޔ,negative_dhivehi,8,0.4959999999982756,0
250,ޥބޛސ ޠޅސޔ,negative_dhivehi,9,0.4715999999689302,0
250,ޥބޛސ ޠޅސޔ,negative_dhivehi,10,0.4926999999952386,0
250,ޥބޛސ ޠޅސޔ,negative_dhivehi,11,0.5019000000174856,0
250,ޥބޛސ ޠޅސޔ,negative_dhivehi,12,0.4597000000217122,0
250,ޥބޛސ ޠޅސޔ,negative_dhivehi,13,0.4722999999557942,0
250,ޥބޛސ ޠޅސޔ,negative_dhivehi,14,0.5694999999832362,0
250,ޥބޛސ ޠޅސޔ,negative_dhivehi,15,0.5178999999770895,0
250,ޥބޛސ ޠޅސޔ,negative_dhivehi,16,0.5115999999816268,0
250,ޥބޛސ ޠޅސޔ,negative_dhivehi,17,0.5021999999712534,0
250,ޥބޛސ ޠޅސޔ,negative_dhivehi,18,0.5135000000109358,0
250,ޥބޛސ ޠޅސޔ,negative_dhivehi,19,0.6326000000171916,0
250,ޕފޑޘ ޖޠޞޏފޓ,negative_dhivehi,0,0.47840000001997396,0
250,ޕފޑޘ ޖޠޞޏފޓ,negative_dhivehi,1,0.39010000000416767,0
250,ޕފޑޘ ޖޠޞޏފޓ,negative_dhivehi,2,0.4325999999537089,0
250,ޕފޑޘ ޖޠޞޏފޓ,negative_dhivehi,3,0.4301000000168642,0
250,ޕފޑޘ ޖޠޞޏފޓ,negative_dhivehi,4,0.38000000000693035,0
250,ޕފޑޘ ޖޠޞޏފޓ,negative_dhivehi,5,0.39989999999079373,0
250,ޕފޑޘ ޖޠޞޏފޓ,negative_dhivehi,6,0.37539999999580687,0
250,ޕފޑޘ ޖޠޞޏފޓ,negative_dhivehi,7,0.4460000000108266,0
250,ޕފޑޘ ޖޠޞޏފޓ,negative_dhivehi,8,0.3813999999806583,0
250,ޕފޑޘ ޖޠޞޏފޓ,negative_dhivehi,9,0.4271000000244385,0
250,ޕފޑޘ ޖޠޞޏފޓ,negative_dhivehi,10,0.3782999999657477,0
250,ޕފޑޘ ޖޠޞޏފޓ,negative_dhivehi,11,0.36979999998720814,0
250,ޕފޑޘ ޖޠޞޏފޓ,negative_dhivehi,12,0.4059000000324886,0
250,ޕފޑޘ ޖޠޞޏފޓ,negative_dhivehi,13,0.3709000000071683,0
250,ޕފޑޘ ޖޠޞޏފޓ,negative_dhivehi,14,0.37029999998594576,0
250,ޕފޑޘ ޖޠޞޏފޓ,negative_dhivehi,15,0.37950000000819273,0
250,ޕފޑޘ ޖޠޞޏފޓ,negative_dhivehi,16,0.36649999998417115,0
250,ޕފޑޘ ޖޠޞޏފޓ,negative_dhivehi,17,0.4455999999777305,0
250,ޕފޑޘ ޖޠޞޏފޓ,negative_dhivehi,18,0.3753000000301654,0
250,ޕފޑޘ ޖޠޞޏފޓ,negative_dhivehi,19,0.39209999999911815,0
250,ޑޕސޕ,negative_dhivehi,0,0.30270000002019515,0
250,ޑޕސޕ,negative_dhivehi,1,0.35489999999072097,0
250,ޑޕސޕ,negative_dhivehi,2,0.3356999999937216,0
250,ޑޕސޕ,negative_dhivehi,3,0.2954000000272572,0
250,ޑޕސޕ,negative_dhivehi,4,0.3112999999643762,0
250,ޑޕސޕ,negative_dhivehi,5,0.37350000002334127,0
250,ޑޕސޕ,negative_dhivehi,6,0.33450000000811997,0
250,ޑޕސޕ,negative_dhivehi,7,0.29429999995045364,0
250,ޑޕސޕ,negative_dhivehi,8,0.3474999999752981,0
250,ޑޕސޕ,negative_dhivehi,9,0.2965999999560154,0
250,ޑޕސޕ,negative_dhivehi,10,0.29109999996990155,0
250,ޑޕސޕ,negative_dhivehi,11,0.2800999999976739,0
250,ޑޕސޕ,negative_dhivehi,12,0.28869999999869833,0
250,ޑޕސޕ,negative_dhivehi,13,0.38840000001982844,0
250,ޑޕސޕ,negative_dhivehi,14,0.3232999999909225,0
250,ޑޕސޕ,negative_dhivehi,15,0.30860000003940513,0
250,ޑޕސޕ,negative_dhivehi,16,0.3242000000227563,0
250,ޑޕސޕ,negative_dhivehi,17,0.2992000000290318,0
250,ޑޕސޕ,negative_dhivehi,18,0.561199999992823,0
250,ޑޕސޕ,negative_dhivehi,19,0.5155000000058862,0
250,ޛށޝޛލ ޢގހޔމހ,negative_dhivehi,0,0.9739000000195119,0
250,ޛށޝޛލ ޢގހޔމހ,negative_dhivehi,1,0.6304999999997563,0
250,ޛށޝޛލ ޢގހޔމހ,negative_dhivehi,2,0.5899999999883221,0
250,ޛށޝޛލ ޢގހޔމހ,negative_dhivehi,3,0.8342999999513268,0
250,ޛށޝޛލ ޢގހޔމހ,negative_dhivehi,4,0.7050999999478336,0
250,ޛށޝޛލ ޢގހޔމހ,negative_dhivehi,5,0.5995999999868218,0
250,ޛށޝޛލ ޢގހޔމހ,negative_dhivehi,6,0.8201999999641885,0
250,ޛށޝޛލ ޢގހޔމހ,negative_dhivehi,7,0.6002000000080443,0
250,ޛށޝޛލ ޢގހޔމހ,negative_dhivehi,8,0.5836000000272179,0
250,ޛށޝޛލ ޢގހޔމހ,negative_dhivehi,9,0.5956999999625623,0
250,ޛށޝޛލ ޢގހޔމހ,negative_dhivehi,10,0.5504999999743632,0
250,ޛށޝޛލ ޢގހޔމހ,negative_dhivehi,11,0.5399000000352316,0
250,ޛށޝޛލ ޢގހޔމހ,negative_dhivehi,12,0.6160999999451633,0
250,ޛށޝޛލ ޢގހޔމހ,negative_dhivehi,13,0.5519000000049346,0
250,ޛށޝޛލ ޢގހޔމހ,negative_dhivehi,14,0.5820999999741616,0
250,ޛށޝޛލ ޢގހޔމހ,negative_dhivehi,15,0.5854999999996835,0
250,ޛށޝޛލ ޢގހޔމހ,negative_dhivehi,16,0.6083000000103311,0
250,ޛށޝޛލ ޢގހޔމހ,negative_dhivehi,17,0.5433000000039101,0
250,ޛށޝޛލ ޢގހޔމހ,negative_dhivehi,18,0.5937999999900967,0
250,ޛށޝޛލ ޢގހޔމހ,negative_dhivehi,19,0.5759000000011838,0
250,ވޘއހޜޅ ވޡޗޓފޏ,negative_dhivehi,0,0.43739999995295875,0
250,ވޘއހޜޅ ވޡޗޓފޏ,negative_dhivehi,1,0.38239999997813356,0
250,ވޘއހޜޅ ވޡޗޓފޏ,negative_dhivehi,2,0.3736999999546242,0
250,ވޘއހޜޅ ވޡޗޓފޏ,negative_dhivehi,3,0.3941999999597101,0
250,ވޘއހޜޅ ވޡޗޓފޏ,negative_dhivehi,4,0.38580000000365544,0
250,ވޘއހޜޅ ވޡޗޓފޏ,negative_dhivehi,5,0.47399999999697684,0
250,ވޘއހޜޅ ވޡޗޓފޏ,negative_dhivehi,6,0.4038999999806947,0
250,ވޘއހޜޅ ވޡޗޓފޏ,negative_dhivehi,7,0.8907999999792082,0
250,ވޘއހޜޅ ވޡޗޓފޏ,negative_dhivehi,8,0.8382999999980711,0
250,ވޘއހޜޅ ވޡޗޓފޏ,negative_dhivehi,9,0.6054999999491884,0
250,ވޘއހޜޅ ވޡޗޓފޏ,negative_dhivehi,10,0.5260000000362197,0
250,ވޘއހޜޅ ވޡޗޓފޏ,negative_dhivehi,11,0.4734999999982392,0
250,ވޘއހޜޅ ވޡޗޓފޏ,negative_dhivehi,12,0.4190999999877931,0
250,ވޘއހޜޅ ވޡޗޓފޏ,negative_dhivehi,13,0.46309999999039064,0
250,ވޘއހޜޅ ވޡޗޓފޏ,negative_dhivehi,14,0.4313000000024658,0
250,ވޘއހޜޅ ވޡޗޓފޏ,negative_dhivehi,15,0.3924000000097294,0
250,ވޘއހޜޅ ވޡޗޓފޏ,negative_dhivehi,16,0.4595999999992273,0
250,ވޘއހޜޅ ވޡޗޓފޏ,negative_dhivehi,17,0.39859999998270723,0
250,ވޘއހޜޅ ވޡޗޓފޏ,negative_dhivehi,18,0.4562999999961903,0
250,ވޘއހޜޅ ވޡޗޓފޏ,negative_dhivehi,19,0.3973999999971056,0
250,ޔޓޘލ,negative_dhivehi,0,0.35500000001320586,0
250,ޔޓޘލ,negative_dhivehi,1,0.3477000000202679,0
250,ޔޓޘލ,negative_dhivehi,2,0.3180999999585765,0
250,ޔޓޘލ,negative_dhivehi,3,0.3017999999883614,0
250,ޔޓޘލ,negative_dhivehi,4,0.33719999998993444,0
250,ޔޓޘލ,negative_dhivehi,5,0.3611000000205422,0
250,ޔޓޘލ,negative_dhivehi,6,0.3982000000064545,0
250,ޔޓޘލ,negative_dhivehi,7,0.3585000000043692,0
250,ޔޓޘލ,negative_dhivehi,8,0.3319000000487904,0
250,ޔޓޘލ,negative_dhivehi,9,0.3452000000265798,0
250,ޔޓޘލ,negative_dhivehi,10,0.3131000000280437,0
250,ޔޓޘލ,negative_dhivehi,11,0.3213999999616135,0
250,ޔޓޘލ,negative_dhivehi,12,0.3743999999983316,0
250,ޔޓޘލ,negative_dhivehi,13,0.31280000001743247,0
250,ޔޓޘލ,negative_dhivehi,14,0.3406000000154563,0
250,ޔޓޘލ,negative_dhivehi,15,0.2896999999961736,0
250,ޔޓޘލ,negative_dhivehi,16,0.2961000000141212,0
250,ޔޓޘލ,negative_dhivehi,17,0.31279999996058905,0
250,ޔޓޘލ,negative_dhivehi,18,0.2870999999800006,0
250,ޔޓޘލ,negative_dhivehi,19,0.3014999999777501,0
250,ޙޣޅލޔޑ ޣޞސލދ,negative_dhivehi,0,0.520400000027621,0
250,ޙޣޅލޔޑ ޣޞސލދ,negative_dhivehi,1,0.46179999998230414,0
250,ޙޣޅލޔޑ ޣޞސލދ,negative_dhivehi,2,0.49749999999448846,0
250,ޙޣޅލޔޑ ޣޞސލދ,negative_dhivehi,3,0.45589999996309416,0
250,ޙޣޅލޔޑ ޣޞސލދ,negative_dhivehi,4,0.6678999999962798,0
250,ޙޣޅލޔޑ ޣޞސލދ,negative_dhivehi,5,0.5080999999904634,0
250,ޙޣޅލޔޑ ޣޞސލދ,negative_dhivehi,6,0.500700000031884,0
250,ޙޣޅލޔޑ ޣޞސލދ,negative_dhivehi,7,0.4677000000015141,0
250,ޙޣޅލޔޑ ޣޞސލދ,negative_dhivehi,8,0.5826999999953841,0
250,ޙޣޅލޔޑ ޣޞސލދ,negative_dhivehi,9,0.46880000002147426,0
250,ޙޣޅލޔޑ ޣޞސލދ,negative_dhivehi,10,0.5071000000498316,0
250,ޙޣޅލޔޑ ޣޞސލދ,negative_dhivehi,11,0.5123999999909756,0
250,ޙޣޅލޔޑ ޣޞސލދ,negative_dhivehi,12,0.46370000001161316,0
250,ޙޣޅލޔޑ ޣޞސލދ,negative_dhivehi,13,0.5157999999596541,0
250,ޙޣޅލޔޑ ޣޞސލދ,negative_dhivehi,14,0.4866000000447457,0
250,ޙޣޅލޔޑ ޣޞސލދ,negative_dhivehi,15,0.8732000000009066,0
250,ޙޣޅލޔޑ ޣޞސލދ,negative_dhivehi,16,0.5792000000042208,0
250,ޙޣޅލޔޑ ޣޞސލދ,negative_dhivehi,17,0.6027999999673739,0
250,ޙޣޅލޔޑ ޣޞސލދ,negative_dhivehi,18,0.5206999999813888,0
250,ޙޣޅލޔޑ ޣޞސލދ,negative_dhivehi,19,0.5132000000003245,0
250,ޝއނފމ ޙޅޗޘ,negative_dhivehi,0,0.4769000000237611,0
250,ޝއނފމ ޙޅޗޘ,negative_dhivehi,1,0.4478999999832922,0
250,ޝއނފމ ޙޅޗޘ,negative_dhivehi,2,0.40100000001075387,0
250,ޝއނފމ ޙޅޗޘ,negative_dhivehi,3,0.43690000001106455,0
250,ޝއނފމ ޙޅޗޘ,negative_dhivehi,4,0.4045000000019172,0
250,ޝއނފމ ޙޅޗޘ,negative_dhivehi,5,0.38720000003422683,0
250,ޝއނފމ ޙޅޗޘ,negative_dhivehi,6,0.40749999999434294,0
250,ޝއނފމ ޙޅޗޘ,negative_dhivehi,7,0.38640000002487795,0
250,ޝއނފމ ޙޅޗޘ,negative_dhivehi,8,0.3796000000306776,0
250,ޝއނފމ ޙޅޗޘ,negative_dhivehi,9,0.39789999999584325,0
250,ޝއނފމ ޙޅޗޘ,negative_dhivehi,10,0.38179999995691105,0
250,ޝއނފމ ޙޅޗޘ,negative_dhivehi,11,0.4037999999582098,0
250,ޝއނފމ ޙޅޗޘ,negative_dhivehi,12,0.37869999999884385,0
250,ޝއނފމ ޙޅޗޘ,negative_dhivehi,13,0.45610000000806394,0
250,ޝއނފމ ޙޅޗޘ,negative_dhivehi,14,0.3859999999917818,0
250,ޝއނފމ ޙޅޗޘ,negative_dhivehi,15,0.40279999996073457,0
250,ޝއނފމ ޙޅޗޘ,negative_dhivehi,16,0.36210000001801745,0
250,ޝއނފމ ޙޅޗޘ,negative_dhivehi,17,0.37290000000211876,0
250,ޝއނފމ ޙޅޗޘ,negative_dhivehi,18,0.3669999999829088,0
250,ޝއނފމ ޙޅޗޘ,negative_dhivehi,19,0.4396999999585205,0
500,data,single_term,0,229.66380000002573,20
500,data,single_term,1,231.96290000004183,20
500,data,single_term,2,226.73100000002933,20
500,data,single_term,3,233.81890000001704,20
500,data,single_term,4,227.05219999994597,20
500,data,single_term,5,229.22799999997778,20
500,data,single_term,6,228.0751000000123,20
500,data,single_term,7,228.0878000000257,20
500,data,single_term,8,230.31600000001617,20
500,data,single_term,9,230.957500000045,20
500,data,single_term,10,226.42430000001923,20
500,data,single_term,11,226.89600000001064,20
500,data,single_term,12,227.62039999997796,20
500,data,single_term,13,226.45959999999832,20
500,data,single_term,14,231.6080999999599,20
500,data,single_term,15,233.17769999999882,20
500,data,single_term,16,226.2721999999826,20
500,data,single_term,17,224.33480000000827,20
500,data,single_term,18,231.54969999995956,20
500,data,single_term,19,227.17890000001262,20
500,annual report,phrase,0,202.39789999999402,20
500,annual report,phrase,1,202.01620000000275,20
500,annual report,phrase,2,207.153500000004,20
500,annual report,phrase,3,215.51359999995157,20
500,annual report,phrase,4,198.45569999995405,20
500,annual report,phrase,5,200.80849999999373,20
500,annual report,phrase,6,204.60250000002134,20
500,annual report,phrase,7,201.1213999999768,20
500,annual report,phrase,8,202.9790999999932,20
500,annual report,phrase,9,205.44499999999744,20
500,annual report,phrase,10,205.19360000002962,20
500,annual report,phrase,11,200.530399999991,20
500,annual report,phrase,12,202.65710000001036,20
500,annual report,phrase,13,204.5555000000263,20
500,annual report,phrase,14,204.94209999998247,20
500,annual report,phrase,15,204.56630000001041,20
500,annual report,phrase,16,205.59739999998783,20
500,annual report,phrase,17,208.1329000000096,20
500,annual report,phrase,18,203.234200000054,20
500,annual report,phrase,19,200.9378000000197,20
500,000,filename_prefix,0,15.461099999981798,20
500,000,filename_prefix,1,15.002799999990657,20
500,000,filename_prefix,2,13.666099999966264,20
500,000,filename_prefix,3,14.890000000036707,20
500,000,filename_prefix,4,13.499899999999343,20
500,000,filename_prefix,5,14.307200000018838,20
500,000,filename_prefix,6,13.211699999999382,20
500,000,filename_prefix,7,13.483000000007905,20
500,000,filename_prefix,8,13.302699999997003,20
500,000,filename_prefix,9,13.124800000014147,20
500,000,filename_prefix,10,13.793000000021038,20
500,000,filename_prefix,11,13.791000000026088,20
500,000,filename_prefix,12,13.43570000000227,20
500,000,filename_prefix,13,14.115800000013223,20
500,000,filename_prefix,14,14.769399999977395,20
500,000,filename_prefix,15,14.717000000018743,20
500,000,filename_prefix,16,13.789599999995517,20
500,000,filename_prefix,17,13.524500000016815,20
500,000,filename_prefix,18,13.503500000012991,20
500,000,filename_prefix,19,14.298199999984718,20
500,ދިވެހި,dhivehi,0,1.2127999999620442,0
500,ދިވެހި,dhivehi,1,0.3111999999987347,0
500,ދިވެހި,dhivehi,2,0.2274999999940519,0
500,ދިވެހި,dhivehi,3,0.2091000000064014,0
500,ދިވެހި,dhivehi,4,0.23620000001756125,0
500,ދިވެހި,dhivehi,5,0.2140999999937776,0
500,ދިވެހި,dhivehi,6,0.2248999999778789,0
500,ދިވެހި,dhivehi,7,0.2001000000291242,0
500,ދިވެހި,dhivehi,8,0.21970000000237633,0
500,ދިވެހި,dhivehi,9,0.19350000002305023,0
500,ދިވެހި,dhivehi,10,0.17489999999042993,0
500,ދިވެހި,dhivehi,11,0.1842000000351618,0
500,ދިވެހި,dhivehi,12,0.1847999999995409,0
500,ދިވެހި,dhivehi,13,0.17949999994471,0
500,ދިވެހި,dhivehi,14,0.17090000000052896,0
500,ދިވެހި,dhivehi,15,0.18929999998817948,0
500,ދިވެހި,dhivehi,16,0.1981999999998152,0
500,ދިވެހި,dhivehi,17,0.23029999999835127,0
500,ދިވެހި,dhivehi,18,0.18999999997504347,0
500,ދިވެހި,dhivehi,19,0.50000000004502,0
500,qyzzlephtn,negative_term,0,1.3589000000138185,0
500,qyzzlephtn,negative_term,1,0.5423999999720763,0
500,qyzzlephtn,negative_term,2,0.42350000001079025,0
500,qyzzlephtn,negative_term,3,0.4448999999908665,0
500,qyzzlephtn,negative_term,4,0.40559999996503393,0
500,qyzzlephtn,negative_term,5,0.3839999999968313,0
500,qyzzlephtn,negative_term,6,0.3190000000472537,0
500,qyzzlephtn,negative_term,7,0.2971000000115964,0
500,qyzzlephtn,negative_term,8,0.41640000000597865,0
500,qyzzlephtn,negative_term,9,0.377899999989495,0
500,qyzzlephtn,negative_term,10,0.32200000003967943,0
500,qyzzlephtn,negative_term,11,0.301600000000235,0
500,qyzzlephtn,negative_term,12,0.29490000002851957,0
500,qyzzlephtn,negative_term,13,0.2581999999620166,0
500,qyzzlephtn,negative_term,14,0.21700000002056186,0
500,qyzzlephtn,negative_term,15,0.19800000001168883,0
500,qyzzlephtn,negative_term,16,0.18199999999524152,0
500,qyzzlephtn,negative_term,17,0.17950000000155342,0
500,qyzzlephtn,negative_term,18,0.16840000000684086,0
500,qyzzlephtn,negative_term,19,0.18899999997756822,0
500,drubblixqwo,negative_term,0,0.3649999999879583,0
500,drubblixqwo,negative_term,1,0.20770000003267342,0
500,drubblixqwo,negative_term,2,0.1821999999833679,0
500,drubblixqwo,negative_term,3,0.2403999999955886,0
500,drubblixqwo,negative_term,4,0.2005999999710184,0
500,drubblixqwo,negative_term,5,0.18060000002151355,0
500,drubblixqwo,negative_term,6,0.17100000002301385,0
500,drubblixqwo,negative_term,7,0.1649000000156775,0
500,drubblixqwo,negative_term,8,0.1586000000202148,0
500,drubblixqwo,negative_term,9,0.20499999999401552,0
500,drubblixqwo,negative_term,10,0.17810000002782544,0
500,drubblixqwo,negative_term,11,0.1686999999606087,0
500,drubblixqwo,negative_term,12,0.1611000000139029,0
500,drubblixqwo,negative_term,13,0.16510000000380387,0
500,drubblixqwo,negative_term,14,0.23849999996627957,0
500,drubblixqwo,negative_term,15,0.19539999999551583,0
500,drubblixqwo,negative_term,16,0.1679999999737447,0
500,drubblixqwo,negative_term,17,0.16150000004699905,0
500,drubblixqwo,negative_term,18,0.15509999997220802,0
500,drubblixqwo,negative_term,19,0.16879999998309358,0
500,wkxzploom,negative_term,0,1.0459000000082597,0
500,wkxzploom,negative_term,1,0.5271999999649779,0
500,wkxzploom,negative_term,2,0.37550000001829176,0
500,wkxzploom,negative_term,3,0.5458999999632397,0
500,wkxzploom,negative_term,4,0.3960999999890191,0
500,wkxzploom,negative_term,5,0.36410000001296794,0
500,wkxzploom,negative_term,6,0.35510000003569075,0
500,wkxzploom,negative_term,7,0.3424999999879219,0
500,wkxzploom,negative_term,8,0.32749999996894985,0
500,wkxzploom,negative_term,9,0.34360000000788204,0
500,wkxzploom,negative_term,10,0.30259999999771026,0
500,wkxzploom,negative_term,11,0.2958000000035099,0
500,wkxzploom,negative_term,12,0.4698000000189495,0
500,wkxzploom,negative_term,13,0.5598999999847365,0
500,wkxzploom,negative_term,14,0.5803000000241809,0
500,wkxzploom,negative_term,15,0.7329999999683423,0
500,wkxzploom,negative_term,16,0.553200000013021,0
500,wkxzploom,negative_term,17,0.4718000000139,0
500,wkxzploom,negative_term,18,0.49749999999448846,0
500,wkxzploom,negative_term,19,0.4065999999625092,0
500,fjordplinthqux,negative_term,0,0.8143000000018219,0
500,fjordplinthqux,negative_term,1,0.21689999999807696,0
500,fjordplinthqux,negative_term,2,0.1884999999788306,0
500,fjordplinthqux,negative_term,3,0.3540000000157306,0
500,fjordplinthqux,negative_term,4,0.22030000002359884,0
500,fjordplinthqux,negative_term,5,0.215500000024349,0
500,fjordplinthqux,negative_term,6,0.1855000000432483,0
500,fjordplinthqux,negative_term,7,0.17459999997981868,0
500,fjordplinthqux,negative_term,8,0.20169999999097854,0
500,fjordplinthqux,negative_term,9,0.17170000000987784,0
500,fjordplinthqux,negative_term,10,0.18000000000029104,0
500,fjordplinthqux,negative_term,11,0.18270000003894893,0
500,fjordplinthqux,negative_term,12,0.1692999999818312,0
500,fjordplinthqux,negative_term,13,0.19190000000435248,0
500,fjordplinthqux,negative_term,14,0.18129999995153412,0
500,fjordplinthqux,negative_term,15,0.1586000000202148,0
500,fjordplinthqux,negative_term,16,0.16069999998080675,0
500,fjordplinthqux,negative_term,17,0.17459999997981868,0
500,fjordplinthqux,negative_term,18,0.15650000000277942,0
500,fjordplinthqux,negative_term,19,0.1963000000273496,0
500,jvqxbreel,negative_term,0,0.20719999997709238,0
500,jvqxbreel,negative_term,1,0.19639999999299107,0
500,jvqxbreel,negative_term,2,0.21649999996498082,0
500,jvqxbreel,negative_term,3,0.1796000000240383,0
500,jvqxbreel,negative_term,4,0.16510000000380387,0
500,jvqxbreel,negative_term,5,0.16070000003765017,0
500,jvqxbreel,negative_term,6,0.17100000002301385,0
500,jvqxbreel,negative_term,7,0.19860000003291134,0
500,jvqxbreel,negative_term,8,0.17350000001670196,0
500,jvqxbreel,negative_term,9,0.1573000000121283,0
500,jvqxbreel,negative_term,10,0.15949999999520514,0
500,jvqxbreel,negative_term,11,0.16410000000632863,0
500,jvqxbreel,negative_term,12,0.15580000001591543,0
500,jvqxbreel,negative_term,13,0.17289999999547945,0
500,jvqxbreel,negative_term,14,0.18499999998766725,0
500,jvqxbreel,negative_term,15,0.16849999997248233,0
500,jvqxbreel,negative_term,16,0.1565999999684209,0
500,jvqxbreel,negative_term,17,0.1513999999929183,0
500,jvqxbreel,negative_term,18,0.1468999999474363,0
500,jvqxbreel,negative_term,19,0.161699999978282,0
500,vmblargwex,negative_term,0,0.6488999999874068,0
500,vmblargwex,negative_term,1,0.36469999997734703,0
500,vmblargwex,negative_term,2,0.3166000000192071,0
500,vmblargwex,negative_term,3,0.35450000001446824,0
500,vmblargwex,negative_term,4,0.3348999999843727,0
500,vmblargwex,negative_term,5,0.35460000003695313,0
500,vmblargwex,negative_term,6,0.30459999999266074,0
500,vmblargwex,negative_term,7,0.28720000000248547,0
500,vmblargwex,negative_term,8,0.38010000002941524,0
500,vmblargwex,negative_term,9,0.3036000000520289,0
500,vmblargwex,negative_term,10,0.28539999999566135,0
500,vmblargwex,negative_term,11,0.32000000004472895,0
500,vmblargwex,negative_term,12,0.2906999999936488,0
500,vmblargwex,negative_term,13,0.30579999997826235,0
500,vmblargwex,negative_term,14,0.550700000019333,0
500,vmblargwex,negative_term,15,0.5864999999971587,0
500,vmblargwex,negative_term,16,0.5039999999780775,0
500,vmblargwex,negative_term,17,0.37679999996953484,0
500,vmblargwex,negative_term,18,0.3315999999813357,0
500,vmblargwex,negative_term,19,0.37050000003091554,0
500,ploxxundriq,negative_term,0,0.5770999999867854,0
500,ploxxundriq,negative_term,1,0.23440000001073713,0
500,ploxxundriq,negative_term,2,0.1886000000013155,0
500,ploxxundriq,negative_term,3,0.1880000000369364,0
500,ploxxundriq,negative_term,4,0.17339999999421707,0
500,ploxxundriq,negative_term,5,0.17109999998865533,0
500,ploxxundriq,negative_term,6,0.16510000000380387,0
500,ploxxundriq,negative_term,7,0.19220000001496373,0
500,ploxxundriq,negative_term,8,0.16629999998940548,0
500,ploxxundriq,negative_term,9,0.1692999999818312,0
500,ploxxundriq,negative_term,10,0.16379999999571737,0
500,ploxxundriq,negative_term,11,0.16660000000001673,0
500,ploxxundriq,negative_term,12,0.15109999998230705,0
500,ploxxundriq,negative_term,13,0.2051999999821419,0
500,ploxxundriq,negative_term,14,0.15970000004017493,0
500,ploxxundriq,negative_term,15,0.1682000000187145,0
500,ploxxundriq,negative_term,16,0.18289999997023187,0
500,ploxxundriq,negative_term,17,0.18369999997958075,0
500,ploxxundriq,negative_term,18,0.16010000001642766,0
500,ploxxundriq,negative_term,19,0.15750000000025466,0
500,grindlewqxz,negative_term,0,0.18519999997579362,0
500,grindlewqxz,negative_term,1,0.2139999999712927,0
500,grindlewqxz,negative_term,2,0.18590000001950102,0
500,grindlewqxz,negative_term,3,0.16140000002451416,0
500,grindlewqxz,negative_term,4,0.15419999999721767,0
500,grindlewqxz,negative_term,5,0.1692999999818312,0
500,grindlewqxz,negative_term,6,0.1624000000219894,0
500,grindlewqxz,negative_term,7,0.20510000001650042,0
500,grindlewqxz,negative_term,8,0.18750000003819878,0
500,grindlewqxz,negative_term,9,0.16729999998688072,0
500,grindlewqxz,negative_term,10,0.16030000000455402,0
500,grindlewqxz,negative_term,11,0.1922999999806052,0
500,grindlewqxz,negative_term,12,0.1910999999950036,0
500,grindlewqxz,negative_term,13,0.17919999999094216,0
500,grindlewqxz,negative_term,14,0.16009999995958424,0
500,grindlewqxz,negative_term,15,0.15250000001287844,0
500,grindlewqxz,negative_term,16,0.159099999962109,0
500,grindlewqxz,negative_term,17,0.1599000000283013,0
500,grindlewqxz,negative_term,18,0.15039999999544307,0
500,grindlewqxz,negative_term,19,0.18749999998135536,0
500,qwxztheronik,negative_term,0,0.3011000000014974,0
500,qwxztheronik,negative_term,1,0.31209999997372506,0
500,qwxztheronik,negative_term,2,0.34490000001596854,0
500,qwxztheronik,negative_term,3,0.3056000000469794,0
500,qwxztheronik,negative_term,4,0.3214000000184569,0
500,qwxztheronik,negative_term,5,0.3131999999936852,0
500,qwxztheronik,negative_term,6,0.2913999999805128,0
500,qwxztheronik,negative_term,7,0.3348999999843727,0
500,qwxztheronik,negative_term,8,0.28800000001183435,0
500,qwxztheronik,negative_term,9,0.2933000000098218,0
500,qwxztheronik,negative_term,10,0.31719999998358617,0
500,qwxztheronik,negative_term,11,0.2921000000242202,0
500,qwxztheronik,negative_term,12,0.30340000000705913,0
500,qwxztheronik,negative_term,13,0.3259000000070955,0
500,qwxztheronik,negative_term,14,0.3142999999568019,0
500,qwxztheronik,negative_term,15,0.28600000001688386,0
500,qwxztheronik,negative_term,16,0.32310000000279615,0
500,qwxztheronik,negative_term,17,0.47569999998131607,0
500,qwxztheronik,negative_term,18,0.3580000000056316,0
500,qwxztheronik,negative_term,19,0.3047999999807871,0
500,kangaroo marsupial pouch,negative_phrase,0,0.4996999999775653,0
500,kangaroo marsupial pouch,negative_phrase,1,0.4574999999817919,0
500,kangaroo marsupial pouch,negative_phrase,2,0.4465999999752057,0
500,kangaroo marsupial pouch,negative_phrase,3,0.5661999999801992,0
500,kangaroo marsupial pouch,negative_phrase,4,0.4951999999889267,0
500,kangaroo marsupial pouch,negative_phrase,5,0.5193000000076609,0
500,kangaroo marsupial pouch,negative_phrase,6,0.4190999999877931,0
500,kangaroo marsupial pouch,negative_phrase,7,0.49310000002833476,0
500,kangaroo marsupial pouch,negative_phrase,8,0.4160000000297259,0
500,kangaroo marsupial pouch,negative_phrase,9,0.4352999999923668,0
500,kangaroo marsupial pouch,negative_phrase,10,0.4321999999774562,0
500,kangaroo marsupial pouch,negative_phrase,11,0.49300000000584987,0
500,kangaroo marsupial pouch,negative_phrase,12,0.44590000004518515,0
500,kangaroo marsupial pouch,negative_phrase,13,0.45149999999694046,0
500,kangaroo marsupial pouch,negative_phrase,14,0.4512000000431726,0
500,kangaroo marsupial pouch,negative_phrase,15,0.4076999999824693,0
500,kangaroo marsupial pouch,negative_phrase,16,0.48929999996971674,0
500,kangaroo marsupial pouch,negative_phrase,17,0.4465999999752057,0
500,kangaroo marsupial pouch,negative_phrase,18,0.4563999999618318,0
500,kangaroo marsupial pouch,negative_phrase,19,0.4863999999997759,0
500,telescope nebula astronomy,negative_phrase,0,0.44980000001260123,0
500,telescope nebula astronomy,negative_phrase,1,0.4109999999855063,0
500,telescope nebula astronomy,negative_phrase,2,0.4921000000308595,0
500,telescope nebula astronomy,negative_phrase,3,0.4152999999860185,0
500,telescope nebula astronomy,negative_phrase,4,0.4486999999926411,0
500,telescope nebula astronomy,negative_phrase,5,0.4551000000105887,0
500,telescope nebula astronomy,negative_phrase,6,0.40940000002365196,0
500,telescope nebula astronomy,negative_phrase,7,0.43820000001915105,0
500,telescope nebula astronomy,negative_phrase,8,0.46869999999898937,0
500,telescope nebula astronomy,negative_phrase,9,0.4640999999878659,0
500,telescope nebula astronomy,negative_phrase,10,0.4582999999911408,0
500,telescope nebula astronomy,negative_phrase,11,0.42680000001382723,0
500,telescope nebula astronomy,negative_phrase,12,0.5370000000084474,0
500,telescope nebula astronomy,negative_phrase,13,0.5057000000192602,0
500,telescope nebula astronomy,negative_phrase,14,0.4670999999802916,0
500,telescope nebula astronomy,negative_phrase,15,0.42419999999765423,0
500,telescope nebula astronomy,negative_phrase,16,0.49390000003768364,0
500,telescope nebula astronomy,negative_phrase,17,0.4595999999992273,0
500,telescope nebula astronomy,negative_phrase,18,0.506699999959892,0
500,telescope nebula astronomy,negative_phrase,19,0.5262000000243461,0
500,hummingbird nectar pollination,negative_phrase,0,0.5270999999993364,0
500,hummingbird nectar pollination,negative_phrase,1,0.46620000000530126,0
500,hummingbird nectar pollination,negative_phrase,2,0.4776000000106251,0
500,hummingbird nectar pollination,negative_phrase,3,0.5317000000104599,0
500,hummingbird nectar pollination,negative_phrase,4,0.5161999999927502,0
500,hummingbird nectar pollination,negative_phrase,5,0.43049999999311694,0
500,hummingbird nectar pollination,negative_phrase,6,0.45990000000983855,0
500,hummingbird nectar pollination,negative_phrase,7,0.4097000000342632,0
500,hummingbird nectar pollination,negative_phrase,8,0.46620000000530126,0
500,hummingbird nectar pollination,negative_phrase,9,0.42870000004313624,0
500,hummingbird nectar pollination,negative_phrase,10,0.4463000000214379,0
500,hummingbird nectar pollination,negative_phrase,11,0.4091000000130407,0
500,hummingbird nectar pollination,negative_phrase,12,0.43690000001106455,0
500,hummingbird nectar pollination,negative_phrase,13,0.4275000000006912,0
500,hummingbird nectar pollination,negative_phrase,14,0.4040000000031796,0
500,hummingbird nectar pollination,negative_phrase,15,0.4703999999833286,0
500,hummingbird nectar pollination,negative_phrase,16,0.4122999999935928,0
500,hummingbird nectar pollination,negative_phrase,17,0.46320000001287553,0
500,hummingbird nectar pollination,negative_phrase,18,0.427700000045661,0
500,hummingbird nectar pollination,negative_phrase,19,0.4382999999847925,0
500,ޥބޛސ ޠޅސޔ,negative_dhivehi,0,0.607199999990371,0
500,ޥބޛސ ޠޅސޔ,negative_dhivehi,1,0.4936000000270724,0
500,ޥބޛސ ޠޅސޔ,negative_dhivehi,2,0.5355000000122345,0
500,ޥބޛސ ޠޅސޔ,negative_dhivehi,3,0.507200000015473,0
500,ޥބޛސ ޠޅސޔ,negative_dhivehi,4,0.5002999999987878,0
500,ޥބޛސ ޠޅސޔ,negative_dhivehi,5,0.684700000022076,0
500,ޥބޛސ ޠޅސޔ,negative_dhivehi,6,0.501999999983127,0
500,ޥބޛސ ޠޅސޔ,negative_dhivehi,7,0.49609999996391707,0
500,ޥބޛސ ޠޅސޔ,negative_dhivehi,8,0.45469999997749255,0
500,ޥބޛސ ޠޅސޔ,negative_dhivehi,9,0.5269999999768515,0
500,ޥބޛސ ޠޅސޔ,negative_dhivehi,10,0.48789999999598876,0
500,ޥބޛސ ޠޅސޔ,negative_dhivehi,11,0.5011999999737782,0
500,ޥބޛސ ޠޅސޔ,negative_dhivehi,12,0.4819000000111373,0
500,ޥބޛސ ޠޅސޔ,negative_dhivehi,13,0.5408999999758635,0
500,ޥބޛސ ޠޅސޔ,negative_dhivehi,14,0.4651999999509826,0
500,ޥބޛސ ޠޅސޔ,negative_dhivehi,15,0.519199999985176,0
500,ޥބޛސ ޠޅސޔ,negative_dhivehi,16,0.46169999995981925,0
500,ޥބޛސ ޠޅސޔ,negative_dhivehi,17,0.490800000022773,0
500,ޥބޛސ ޠޅސޔ,negative_dhivehi,18,0.47699999998940257,0
500,ޥބޛސ ޠޅސޔ,negative_dhivehi,19,0.5017999999950007,0
500,ޕފޑޘ ޖޠޞޏފޓ,negative_dhivehi,0,0.4825999999980013,0
500,ޕފޑޘ ޖޠޞޏފޓ,negative_dhivehi,1,0.42360000003327514,0
500,ޕފޑޘ ޖޠޞޏފޓ,negative_dhivehi,2,0.48810000004095855,0
500,ޕފޑޘ ޖޠޞޏފޓ,negative_dhivehi,3,0.3859999999917818,0
500,ޕފޑޘ ޖޠޞޏފޓ,negative_dhivehi,4,0.3796999999963191,0
500,ޕފޑޘ ޖޠޞޏފޓ,negative_dhivehi,5,0.4212000000052285,0
500,ޕފޑޘ ޖޠޞޏފޓ,negative_dhivehi,6,0.4129000000148153,0
500,ޕފޑޘ ޖޠޞޏފޓ,negative_dhivehi,7,0.4073000000062166,0
500,ޕފޑޘ ޖޠޞޏފޓ,negative_dhivehi,8,0.4814000000123997,0
500,ޕފޑޘ ޖޠޞޏފޓ,negative_dhivehi,9,0.42860000002065135,0
500,ޕފޑޘ ޖޠޞޏފޓ,negative_dhivehi,10,0.40510000002313973,0
500,ޕފޑޘ ޖޠޞޏފޓ,negative_dhivehi,11,0.4417000000103144,0
500,ޕފޑޘ ޖޠޞޏފޓ,negative_dhivehi,12,0.37109999999529464,0
500,ޕފޑޘ ޖޠޞޏފޓ,negative_dhivehi,13,0.4064000000312262,0
500,ޕފޑޘ ޖޠޞޏފޓ,negative_dhivehi,14,0.371999999970285,0
500,ޕފޑޘ ޖޠޞޏފޓ,negative_dhivehi,15,0.3584999999475258,0
500,ޕފޑޘ ޖޠޞޏފޓ,negative_dhivehi,16,0.4160999999953674,0
500,ޕފޑޘ ޖޠޞޏފޓ,negative_dhivehi,17,0.36649999998417115,0
500,ޕފޑޘ ޖޠޞޏފޓ,negative_dhivehi,18,0.42940000003000023,0
500,ޕފޑޘ ޖޠޞޏފޓ,negative_dhivehi,19,0.38190000003623936,0
500,ޑޕސޕ,negative_dhivehi,0,0.30520000001388325,0
500,ޑޕސޕ,negative_dhivehi,1,0.6695000000149776,0
500,ޑޕސޕ,negative_dhivehi,2,0.3676000000041313,0
500,ޑޕސޕ,negative_dhivehi,3,0.3368999999793232,0
500,ޑޕސޕ,negative_dhivehi,4,0.4135000000360378,0
500,ޑޕސޕ,negative_dhivehi,5,0.9306000000037784,0
500,ޑޕސޕ,negative_dhivehi,6,0.8887999999842577,0
500,ޑޕސޕ,negative_dhivehi,7,0.4269000000363121,0
500,ޑޕސޕ,negative_dhivehi,8,0.40040000004637477,0
500,ޑޕސޕ,negative_dhivehi,9,0.3479000000083943,0
500,ޑޕސޕ,negative_dhivehi,10,0.3891000000066924,0
500,ޑޕސޕ,negative_dhivehi,11,0.5228999999644657,0
500,ޑޕސޕ,negative_dhivehi,12,0.38960000000543005,0
500,ޑޕސޕ,negative_dhivehi,13,0.40480000001252847,0
500,ޑޕސޕ,negative_dhivehi,14,0.3284000000007836,0
500,ޑޕސޕ,negative_dhivehi,15,0.3123999999843363,0
500,ޑޕސޕ,negative_dhivehi,16,0.3739999999652355,0
500,ޑޕސޕ,negative_dhivehi,17,0.3183999999691878,0
500,ޑޕސޕ,negative_dhivehi,18,0.30600000002323213,0
500,ޑޕސޕ,negative_dhivehi,19,0.38760000001047956,0
500,ޛށޝޛލ ޢގހޔމހ,negative_dhivehi,0,0.6488000000217653,0
500,ޛށޝޛލ ޢގހޔމހ,negative_dhivehi,1,0.6702000000018415,0
500,ޛށޝޛލ ޢގހޔމހ,negative_dhivehi,2,0.5709999999794491,0
500,ޛށޝޛލ ޢގހޔމހ,negative_dhivehi,3,0.5846999999903346,0
500,ޛށޝޛލ ޢގހޔމހ,negative_dhivehi,4,0.5677000000332555,0
500,ޛށޝޛލ ޢގހޔމހ,negative_dhivehi,5,0.6000999999855594,0
500,ޛށޝޛލ ޢގހޔމހ,negative_dhivehi,6,0.6243999999924199,0
500,ޛށޝޛލ ޢގހޔމހ,negative_dhivehi,7,0.7128000000307111,0
500,ޛށޝޛލ ޢގހޔމހ,negative_dhivehi,8,0.6473000000255524,0
500,ޛށޝޛލ ޢގހޔމހ,negative_dhivehi,9,0.5939000000125816,0
500,ޛށޝޛލ ޢގހޔމހ,negative_dhivehi,10,0.5605999999716005,0
500,ޛށޝޛލ ޢގހޔމހ,negative_dhivehi,11,0.754400000005262,0
500,ޛށޝޛލ ޢގހޔމހ,negative_dhivehi,12,0.6693000000268512,0
500,ޛށޝޛލ ޢގހޔމހ,negative_dhivehi,13,0.5886999999802356,0
500,ޛށޝޛލ ޢގހޔމހ,negative_dhivehi,14,0.7618000000206848,0
500,ޛށޝޛލ ޢގހޔމހ,negative_dhivehi,15,0.6364999999846077,0
500,ޛށޝޛލ ޢގހޔމހ,negative_dhivehi,16,0.5863000000090324,0
500,ޛށޝޛލ ޢގހޔމހ,negative_dhivehi,17,0.5735999999956221,0
500,ޛށޝޛލ ޢގހޔމހ,negative_dhivehi,18,1.076399999988098,0
500,ޛށޝޛލ ޢގހޔމހ,negative_dhivehi,19,0.9565000000293367,0
500,ވޘއހޜޅ ވޡޗޓފޏ,negative_dhivehi,0,0.7133999999950902,0
500,ވޘއހޜޅ ވޡޗޓފޏ,negative_dhivehi,1,0.6688000000281136,0
500,ވޘއހޜޅ ވޡޗޓފޏ,negative_dhivehi,2,0.8113999999750376,0
500,ވޘއހޜޅ ވޡޗޓފޏ,negative_dhivehi,3,0.44839999998202984,0
500,ވޘއހޜޅ ވޡޗޓފޏ,negative_dhivehi,4,0.39730000003146415,0
500,ވޘއހޜޅ ވޡޗޓފޏ,negative_dhivehi,5,0.5641000000196073,0
500,ވޘއހޜޅ ވޡޗޓފޏ,negative_dhivehi,6,0.466599999981554,0
500,ވޘއހޜޅ ވޡޗޓފޏ,negative_dhivehi,7,0.47449999999571446,0
500,ވޘއހޜޅ ވޡޗޓފޏ,negative_dhivehi,8,0.4327999999986787,0
500,ވޘއހޜޅ ވޡޗޓފޏ,negative_dhivehi,9,0.4107999999973799,0
500,ވޘއހޜޅ ވޡޗޓފޏ,negative_dhivehi,10,0.43369999997366904,0
500,ވޘއހޜޅ ވޡޗޓފޏ,negative_dhivehi,11,0.379800000018804,0
500,ވޘއހޜޅ ވޡޗޓފޏ,negative_dhivehi,12,0.43229999999994106,0
500,ވޘއހޜޅ ވޡޗޓފޏ,negative_dhivehi,13,0.38850000004231333,0
500,ވޘއހޜޅ ވޡޗޓފޏ,negative_dhivehi,14,0.4016000000319764,0
500,ވޘއހޜޅ ވޡޗޓފޏ,negative_dhivehi,15,0.36399999999048305,0
500,ވޘއހޜޅ ވޡޗޓފޏ,negative_dhivehi,16,0.4025999999726082,0
500,ވޘއހޜޅ ވޡޗޓފޏ,negative_dhivehi,17,0.41850000002341403,0
500,ވޘއހޜޅ ވޡޗޓފޏ,negative_dhivehi,18,0.3730999999902451,0
500,ވޘއހޜޅ ވޡޗޓފޏ,negative_dhivehi,19,0.592000000040116,0
500,ޔޓޘލ,negative_dhivehi,0,0.460699999962344,0
500,ޔޓޘލ,negative_dhivehi,1,0.5162999999583917,0
500,ޔޓޘލ,negative_dhivehi,2,0.38180000001375447,0
500,ޔޓޘލ,negative_dhivehi,3,0.3222999999934473,0
500,ޔޓޘލ,negative_dhivehi,4,0.3002999999921485,0
500,ޔޓޘލ,negative_dhivehi,5,0.31020000000125947,0
500,ޔޓޘލ,negative_dhivehi,6,0.4007999999657841,0
500,ޔޓޘލ,negative_dhivehi,7,0.417299999980969,0
500,ޔޓޘލ,negative_dhivehi,8,0.348299999984647,0
500,ޔޓޘލ,negative_dhivehi,9,0.33990000002859233,0
500,ޔޓޘލ,negative_dhivehi,10,0.37109999999529464,0
500,ޔޓޘލ,negative_dhivehi,11,0.30899999995881444,0
500,ޔޓޘލ,negative_dhivehi,12,0.29690000002347006,0
500,ޔޓޘލ,negative_dhivehi,13,0.352299999974548,0
500,ޔޓޘލ,negative_dhivehi,14,0.3099999999562897,0
500,ޔޓޘލ,negative_dhivehi,15,0.2908999999817752,0
500,ޔޓޘލ,negative_dhivehi,16,0.32129999999597203,0
500,ޔޓޘލ,negative_dhivehi,17,0.331200000005083,0
500,ޔޓޘލ,negative_dhivehi,18,0.32760000004827816,0
500,ޔޓޘލ,negative_dhivehi,19,0.3745000000208165,0
500,ޙޣޅލޔޑ ޣޞސލދ,negative_dhivehi,0,0.5539999999655265,0
500,ޙޣޅލޔޑ ޣޞސލދ,negative_dhivehi,1,0.5735999999956221,0
500,ޙޣޅލޔޑ ޣޞސލދ,negative_dhivehi,2,0.47439999997322957,0
500,ޙޣޅލޔޑ ޣޞސލދ,negative_dhivehi,3,0.4582999999911408,0
500,ޙޣޅލޔޑ ޣޞސލދ,negative_dhivehi,4,0.5049999999755528,0
500,ޙޣޅލޔޑ ޣޞސލދ,negative_dhivehi,5,0.5097000000091612,0
500,ޙޣޅލޔޑ ޣޞސލދ,negative_dhivehi,6,0.5108000000291213,0
500,ޙޣޅލޔޑ ޣޞސލދ,negative_dhivehi,7,0.5242999999950371,0
500,ޙޣޅލޔޑ ޣޞސލދ,negative_dhivehi,8,0.4966999999851396,0
500,ޙޣޅލޔޑ ޣޞސލދ,negative_dhivehi,9,0.5320999999867126,0
500,ޙޣޅލޔޑ ޣޞސލދ,negative_dhivehi,10,0.5237999999962994,0
500,ޙޣޅލޔޑ ޣޞސލދ,negative_dhivehi,11,0.4738000000088505,0
500,ޙޣޅލޔޑ ޣޞސލދ,negative_dhivehi,12,0.48469999995859325,0
500,ޙޣޅލޔޑ ޣޞސލދ,negative_dhivehi,13,0.4779999999868778,0
500,ޙޣޅލޔޑ ޣޞސލދ,negative_dhivehi,14,0.483699999961118,0
500,ޙޣޅލޔޑ ޣޞސލދ,negative_dhivehi,15,0.46429999997599225,0
500,ޙޣޅލޔޑ ޣޞސލދ,negative_dhivehi,16,0.551299999983712,0
500,ޙޣޅލޔޑ ޣޞސލދ,negative_dhivehi,17,0.7560999999896012,0
500,ޙޣޅލޔޑ ޣޞސލދ,negative_dhivehi,18,0.4996999999775653,0
500,ޙޣޅލޔޑ ޣޞސލދ,negative_dhivehi,19,0.4695999999739797,0
500,ޝއނފމ ޙޅޗޘ,negative_dhivehi,0,0.5854999999996835,0
500,ޝއނފމ ޙޅޗޘ,negative_dhivehi,1,0.46950000000833825,0
500,ޝއނފމ ޙޅޗޘ,negative_dhivehi,2,0.41310000000294167,0
500,ޝއނފމ ޙޅޗޘ,negative_dhivehi,3,0.4203999999958796,0
500,ޝއނފމ ޙޅޗޘ,negative_dhivehi,4,0.37469999995209946,0
500,ޝއނފމ ޙޅޗޘ,negative_dhivehi,5,0.3774999999563988,0
500,ޝއނފމ ޙޅޗޘ,negative_dhivehi,6,0.40799999999308056,0
500,ޝއނފމ ޙޅޗޘ,negative_dhivehi,7,0.371299999983421,0
500,ޝއނފމ ޙޅޗޘ,negative_dhivehi,8,0.42270000000144137,0
500,ޝއނފމ ޙޅޗޘ,negative_dhivehi,9,0.41640000000597865,0
500,ޝއނފމ ޙޅޗޘ,negative_dhivehi,10,0.42079999997213235,0
500,ޝއނފމ ޙޅޗޘ,negative_dhivehi,11,0.8070000000088839,0
500,ޝއނފމ ޙޅޗޘ,negative_dhivehi,12,0.590799999997671,0
500,ޝއނފމ ޙޅޗޘ,negative_dhivehi,13,0.43560000000297805,0
500,ޝއނފމ ޙޅޗޘ,negative_dhivehi,14,0.5495000000337313,0
500,ޝއނފމ ޙޅޗޘ,negative_dhivehi,15,0.44790000004013564,0
500,ޝއނފމ ޙޅޗޘ,negative_dhivehi,16,0.4169000000047163,0
500,ޝއނފމ ޙޅޗޘ,negative_dhivehi,17,0.40409999996882107,0
500,ޝއނފމ ޙޅޗޘ,negative_dhivehi,18,0.42930000000751534,0
500,ޝއނފމ ޙޅޗޘ,negative_dhivehi,19,0.4073000000062166,0
1000,data,single_term,0,238.470599999971,20
1000,data,single_term,1,230.15900000001466,20
1000,data,single_term,2,237.23060000003215,20
1000,data,single_term,3,226.24460000002955,20
1000,data,single_term,4,230.7332000000315,20
1000,data,single_term,5,223.73599999997396,20
1000,data,single_term,6,224.26949999999124,20
1000,data,single_term,7,228.3060999999975,20
1000,data,single_term,8,226.95069999997486,20
1000,data,single_term,9,227.75250000000824,20
1000,data,single_term,10,229.81730000003608,20
1000,data,single_term,11,231.25449999997727,20
1000,data,single_term,12,229.6236000000249,20
1000,data,single_term,13,232.45579999996835,20
1000,data,single_term,14,231.52310000000398,20
1000,data,single_term,15,231.25870000001214,20
1000,data,single_term,16,235.81860000001598,20
1000,data,single_term,17,233.14940000000206,20
1000,data,single_term,18,232.5372000000243,20
1000,data,single_term,19,227.70610000003444,20
1000,annual report,phrase,0,206.8039999999769,20
1000,annual report,phrase,1,221.56030000002147,20
1000,annual report,phrase,2,233.21440000000848,20
1000,annual report,phrase,3,198.8422000000014,20
1000,annual report,phrase,4,213.43669999998838,20
1000,annual report,phrase,5,206.3613999999916,20
1000,annual report,phrase,6,206.8103000000292,20
1000,annual report,phrase,7,210.07530000002816,20
1000,annual report,phrase,8,200.52870000000667,20
1000,annual report,phrase,9,210.7240999999931,20
1000,annual report,phrase,10,199.66689999995424,20
1000,annual report,phrase,11,204.66370000002598,20
1000,annual report,phrase,12,212.37230000002683,20
1000,annual report,phrase,13,200.697899999966,20
1000,annual report,phrase,14,199.26340000000664,20
1000,annual report,phrase,15,204.21890000000076,20
1000,annual report,phrase,16,201.43710000002102,20
1000,annual report,phrase,17,203.71729999999388,20
1000,annual report,phrase,18,204.28669999995464,20
1000,annual report,phrase,19,205.82170000000133,20
1000,000,filename_prefix,0,15.69560000001502,20
1000,000,filename_prefix,1,13.354999999990014,20
1000,000,filename_prefix,2,15.52899999995816,20
1000,000,filename_prefix,3,14.051999999992404,20
1000,000,filename_prefix,4,13.482699999997294,20
1000,000,filename_prefix,5,13.5614000000146,20
1000,000,filename_prefix,6,14.063200000009601,20
1000,000,filename_prefix,7,13.775399999985893,20
1000,000,filename_prefix,8,14.313700000002427,20
1000,000,filename_prefix,9,13.356600000008712,20
1000,000,filename_prefix,10,13.57749999999669,20
1000,000,filename_prefix,11,13.548200000002453,20
1000,000,filename_prefix,12,13.25769999999693,20
1000,000,filename_prefix,13,13.289900000017951,20
1000,000,filename_prefix,14,13.251299999978983,20
1000,000,filename_prefix,15,14.23210000001518,20
1000,000,filename_prefix,16,13.566900000000714,20
1000,000,filename_prefix,17,13.362499999971078,20
1000,000,filename_prefix,18,13.786900000013702,20
1000,000,filename_prefix,19,14.104799999984152,20
1000,ދިވެހި,dhivehi,0,1.080800000011095,0
1000,ދިވެހި,dhivehi,1,0.33709999996744955,0
1000,ދިވެހި,dhivehi,2,0.22030000002359884,0
1000,ދިވެހި,dhivehi,3,0.19770000000107757,0
1000,ދިވެހި,dhivehi,4,0.18850000003567402,0
1000,ދިވެހި,dhivehi,5,0.21829999997180494,0
1000,ދިވެހި,dhivehi,6,0.21390000000565124,0
1000,ދިވެހި,dhivehi,7,0.22840000002588567,0
1000,ދިވެހި,dhivehi,8,0.20160000002533707,0
1000,ދިވެހި,dhivehi,9,0.18319999998084313,0
1000,ދިވެހި,dhivehi,10,0.17559999997729392,0
1000,ދިވެހި,dhivehi,11,0.1909999999725187,0
1000,ދިވެހި,dhivehi,12,0.22740000002841043,0
1000,ދިވެހި,dhivehi,13,0.2850000000194086,0
1000,ދިވެހި,dhivehi,14,0.2072000000339358,0
1000,ދިވެހި,dhivehi,15,0.1795999999671949,0
1000,ދިވެހި,dhivehi,16,0.18870000002380038,0
1000,ދިވެހި,dhivehi,17,0.1732000000060907,0
1000,ދިވެހި,dhivehi,18,0.16540000001441513,0
1000,ދިވެހި,dhivehi,19,0.17559999997729392,0
1000,qyzzlephtn,negative_term,0,0.9472000000414482,0
1000,qyzzlephtn,negative_term,1,0.290400000039881,0
1000,qyzzlephtn,negative_term,2,0.2058000000033644,0
1000,qyzzlephtn,negative_term,3,0.184699999977056,0
1000,qyzzlephtn,negative_term,4,0.17489999999042993,0
1000,qyzzlephtn,negative_term,5,0.16600000003563764,0
1000,qyzzlephtn,negative_term,6,0.15700000000151704,0
1000,qyzzlephtn,negative_term,7,0.16069999998080675,0
1000,qyzzlephtn,negative_term,8,0.3164000000310807,0
1000,qyzzlephtn,negative_term,9,0.24120000000493746,0
1000,qyzzlephtn,negative_term,10,0.22789999997030463,0
1000,qyzzlephtn,negative_term,11,0.20530000000462678,0
1000,qyzzlephtn,negative_term,12,0.17120000001114022,0
1000,qyzzlephtn,negative_term,13,0.16579999999066786,0
1000,qyzzlephtn,negative_term,14,0.1604999999926804,0
1000,qyzzlephtn,negative_term,15,0.17229999997425693,0
1000,qyzzlephtn,negative_term,16,0.18850000003567402,0
1000,qyzzlephtn,negative_term,17,0.16909999999370484,0
1000,qyzzlephtn,negative_term,18,0.15510000002905144,0
1000,qyzzlephtn,negative_term,19,0.15080000002853922,0
1000,drubblixqwo,negative_term,0,0.3164999999967222,0
1000,drubblixqwo,negative_term,1,0.4397000000153639,0
1000,drubblixqwo,negative_term,2,0.672199999996792,0
1000,drubblixqwo,negative_term,3,0.22960000001148728,0
1000,drubblixqwo,negative_term,4,0.19220000001496373,0
1000,drubblixqwo,negative_term,5,0.17540000004601097,0
1000,drubblixqwo,negative_term,6,0.17280000002983797,0
1000,drubblixqwo,negative_term,7,0.17299999996112092,0
1000,drubblixqwo,negative_term,8,0.18959999999879074,0
1000,drubblixqwo,negative_term,9,0.6891999999538712,0
1000,drubblixqwo,negative_term,10,0.3292000000101325,0
1000,drubblixqwo,negative_term,11,0.22450000000162618,0
1000,drubblixqwo,negative_term,12,0.2566999999658037,0
1000,drubblixqwo,negative_term,13,0.20810000000892614,0
1000,drubblixqwo,negative_term,14,0.20219999998971616,0
1000,drubblixqwo,negative_term,15,0.1834999999914544,0
1000,drubblixqwo,negative_term,16,0.17619999999851643,0
1000,drubblixqwo,negative_term,17,0.16629999998940548,0
1000,drubblixqwo,negative_term,18,0.16510000000380387,0
1000,drubblixqwo,negative_term,19,0.17989999997780615,0
1000,wkxzploom,negative_term,0,0.9332000000199514,0
1000,wkxzploom,negative_term,1,0.3967999999758831,0
1000,wkxzploom,negative_term,2,0.34679999998843414,0
1000,wkxzploom,negative_term,3,0.3214999999840984,0
1000,wkxzploom,negative_term,4,0.3504000000020824,0
1000,wkxzploom,negative_term,5,0.31159999997498744,0
1000,wkxzploom,negative_term,6,0.3466000000003078,0
1000,wkxzploom,negative_term,7,0.3241000000002714,0
1000,wkxzploom,negative_term,8,0.3368000000136817,0
1000,wkxzploom,negative_term,9,0.3773000000251159,0
1000,wkxzploom,negative_term,10,0.3174999999941974,0
1000,wkxzploom,negative_term,11,0.31670000004169196,0
1000,wkxzploom,negative_term,12,0.30060000000275977,0
1000,wkxzploom,negative_term,13,0.281900000004498,0
1000,wkxzploom,negative_term,14,0.3087999999706881,0
1000,wkxzploom,negative_term,15,0.6800999999541091,0
1000,wkxzploom,negative_term,16,0.33259999997881096,0
1000,wkxzploom,negative_term,17,0.3783999999882326,0
1000,wkxzploom,negative_term,18,0.3093999999919106,0
1000,wkxzploom,negative_term,19,0.29370000004291796,0
1000,fjordplinthqux,negative_term,0,0.7388999999875523,0
1000,fjordplinthqux,negative_term,1,0.21519999995689432,0
1000,fjordplinthqux,negative_term,2,0.21749999996245606,0
1000,fjordplinthqux,negative_term,3,0.18679999999449137,0
1000,fjordplinthqux,negative_term,4,0.16629999998940548,0
1000,fjordplinthqux,negative_term,5,0.21250000003192326,0
1000,fjordplinthqux,negative_term,6,0.17589999998790518,0
1000,fjordplinthqux,negative_term,7,0.1654999999800566,0
1000,fjordplinthqux,negative_term,8,0.15700000000151704,0
1000,fjordplinthqux,negative_term,9,0.15360000003283858,0
1000,fjordplinthqux,negative_term,10,0.1548000000184402,0
1000,fjordplinthqux,negative_term,11,0.2121999999644686,0
1000,fjordplinthqux,negative_term,12,0.1656000000025415,0
1000,fjordplinthqux,negative_term,13,0.15630000001465305,0
1000,fjordplinthqux,negative_term,14,0.14740000000301734,0
1000,fjordplinthqux,negative_term,15,0.14909999998735657,0
1000,fjordplinthqux,negative_term,16,0.14880000003358873,0
1000,fjordplinthqux,negative_term,17,0.227399999971567,0
1000,fjordplinthqux,negative_term,18,0.16649999997753184,0
1000,fjordplinthqux,negative_term,19,0.15590000003840032,0
1000,jvqxbreel,negative_term,0,0.3439000000184933,0
1000,jvqxbreel,negative_term,1,0.2575999999976375,0
1000,jvqxbreel,negative_term,2,0.22680000000718792,0
1000,jvqxbreel,negative_term,3,0.3092000000037842,0
1000,jvqxbreel,negative_term,4,0.5117999999697531,0
1000,jvqxbreel,negative_term,5,0.35809999997127306,0
1000,jvqxbreel,negative_term,6,0.2580999999963751,0
1000,jvqxbreel,negative_term,7,0.23149999998395288,0
1000,jvqxbreel,negative_term,8,0.36590000001979206,0
1000,jvqxbreel,negative_term,9,0.25600000003578316,0
1000,jvqxbreel,negative_term,10,0.2046000000177628,0
1000,jvqxbreel,negative_term,11,0.18419999997831837,0
1000,jvqxbreel,negative_term,12,0.19389999999930296,0
1000,jvqxbreel,negative_term,13,0.17880000001468943,0
1000,jvqxbreel,negative_term,14,0.15940000002956367,0
1000,jvqxbreel,negative_term,15,0.15810000002147717,0
1000,jvqxbreel,negative_term,16,0.1749999999560714,0
1000,jvqxbreel,negative_term,17,0.22649999999657666,0
1000,jvqxbreel,negative_term,18,0.25199999998903877,0
1000,jvqxbreel,negative_term,19,0.21700000002056186,0
1000,vmblargwex,negative_term,0,0.7369999999582433,0
1000,vmblargwex,negative_term,1,0.3715000000283908,0
1000,vmblargwex,negative_term,2,0.327900000002046,0
1000,vmblargwex,negative_term,3,0.33660000002555535,0
1000,vmblargwex,negative_term,4,0.3744999999639731,0
1000,vmblargwex,negative_term,5,0.31280000001743247,0
1000,vmblargwex,negative_term,6,0.29250000000047294,0
1000,vmblargwex,negative_term,7,0.32310000000279615,0
1000,vmblargwex,negative_term,8,0.29869999997345076,0
1000,vmblargwex,negative_term,9,0.35359999998263447,0
1000,vmblargwex,negative_term,10,0.2906999999936488,0
1000,vmblargwex,negative_term,11,0.30509999999139836,0
1000,vmblargwex,negative_term,12,0.5143000000202846,0
1000,vmblargwex,negative_term,13,0.39720000000897926,0
1000,vmblargwex,negative_term,14,0.3335000000106447,0
1000,vmblargwex,negative_term,15,0.3137999999580643,0
1000,vmblargwex,negative_term,16,0.3005000000371183,0
1000,vmblargwex,negative_term,17,0.4799000000161868,0
1000,vmblargwex,negative_term,18,0.3906000000029053,0
1000,vmblargwex,negative_term,19,0.34599999997908526,0
1000,ploxxundriq,negative_term,0,0.5735000000299806,0
1000,ploxxundriq,negative_term,1,0.24109999998245257,0
1000,ploxxundriq,negative_term,2,0.18470000003389941,0
1000,ploxxundriq,negative_term,3,0.17359999998234343,0
1000,ploxxundriq,negative_term,4,0.1661999999669206,0
1000,ploxxundriq,negative_term,5,0.17279999997299456,0
1000,ploxxundriq,negative_term,6,0.1955999999836422,0
1000,ploxxundriq,negative_term,7,0.18989999995255857,0
1000,ploxxundriq,negative_term,8,0.17040000000179134,0
1000,ploxxundriq,negative_term,9,0.161699999978282,0
1000,ploxxundriq,negative_term,10,0.15440000004218746,0
1000,ploxxundriq,negative_term,11,0.15949999999520514,0
1000,ploxxundriq,negative_term,12,0.1886000000013155,0
1000,ploxxundriq,negative_term,13,0.16770000001997687,0
1000,ploxxundriq,negative_term,14,0.16010000001642766,0
1000,ploxxundriq,negative_term,15,0.1540000000090913,0
1000,ploxxundriq,negative_term,16,0.14859999998861895,0
1000,ploxxundriq,negative_term,17,0.15829999995276012,0
1000,ploxxundriq,negative_term,18,0.19330000003492387,0
1000,ploxxundriq,negative_term,19,0.17669999999725405,0
1000,grindlewqxz,negative_term,0,0.17819999999346692,0
1000,grindlewqxz,negative_term,1,0.18120000004273606,0
1000,grindlewqxz,negative_term,2,0.18430000000080327,0
1000,grindlewqxz,negative_term,3,0.2461000000266722,0
1000,grindlewqxz,negative_term,4,0.19190000000435248,0
1000,grindlewqxz,negative_term,5,0.16899999997121995,0
1000,grindlewqxz,negative_term,6,0.27150000005349284,0
1000,grindlewqxz,negative_term,7,0.33339999998815983,0
1000,grindlewqxz,negative_term,8,0.374599999986458,0
1000,grindlewqxz,negative_term,9,0.26819999999361244,0
1000,grindlewqxz,negative_term,10,0.22960000001148728,0
1000,grindlewqxz,negative_term,11,0.21179999998821586,0
1000,grindlewqxz,negative_term,12,0.2000000000066393,0
1000,grindlewqxz,negative_term,13,0.18779999999196662,0
1000,grindlewqxz,negative_term,14,0.17989999997780615,0
1000,grindlewqxz,negative_term,15,0.17680000001973895,0
1000,grindlewqxz,negative_term,16,0.1680999999962296,0
1000,grindlewqxz,negative_term,17,0.2305999999521191,0
1000,grindlewqxz,negative_term,18,0.18449999998892963,0
1000,grindlewqxz,negative_term,19,0.1724999999623833,0
1000,qwxztheronik,negative_term,0,0.34870000001774315,0
1000,qwxztheronik,negative_term,1,0.348299999984647,0
1000,qwxztheronik,negative_term,2,0.3151000000229942,0
1000,qwxztheronik,negative_term,3,0.29320000004418034,0
1000,qwxztheronik,negative_term,4,0.3664000000185297,0
1000,qwxztheronik,negative_term,5,0.3393000000073698,0
1000,qwxztheronik,negative_term,6,0.31719999998358617,0
1000,qwxztheronik,negative_term,7,0.29880000005277907,0
1000,qwxztheronik,negative_term,8,0.2855999999837877,0
1000,qwxztheronik,negative_term,9,0.3123999999843363,0
1000,qwxztheronik,negative_term,10,0.3246999999646505,0
1000,qwxztheronik,negative_term,11,0.30329999998457424,0
1000,qwxztheronik,negative_term,12,0.2986000000078093,0
1000,qwxztheronik,negative_term,13,0.3024000000095839,0
1000,qwxztheronik,negative_term,14,0.30650000002196975,0
1000,qwxztheronik,negative_term,15,0.3527999999732856,0
1000,qwxztheronik,negative_term,16,0.31100000001060835,0
1000,qwxztheronik,negative_term,17,0.5181000000220592,0
1000,qwxztheronik,negative_term,18,0.530900000001111,0
1000,qwxztheronik,negative_term,19,0.3649000000223168,0
1000,kangaroo marsupial pouch,negative_phrase,0,0.47330000001011285,0
1000,kangaroo marsupial pouch,negative_phrase,1,0.5514000000061969,0
1000,kangaroo marsupial pouch,negative_phrase,2,0.45999999997548,0
1000,kangaroo marsupial pouch,negative_phrase,3,0.42839999997568157,0
1000,kangaroo marsupial pouch,negative_phrase,4,0.5047999999874264,0
1000,kangaroo marsupial pouch,negative_phrase,5,0.41899999996530823,0
1000,kangaroo marsupial pouch,negative_phrase,6,0.4857000000129119,0
1000,kangaroo marsupial pouch,negative_phrase,7,0.41960000004337417,0
1000,kangaroo marsupial pouch,negative_phrase,8,0.44049999996786937,0
1000,kangaroo marsupial pouch,negative_phrase,9,0.4179000000021915,0
1000,kangaroo marsupial pouch,negative_phrase,10,0.5097000000091612,0
1000,kangaroo marsupial pouch,negative_phrase,11,0.423899999987043,0
1000,kangaroo marsupial pouch,negative_phrase,12,0.670999999954347,0
1000,kangaroo marsupial pouch,negative_phrase,13,0.6429999999681968,0
1000,kangaroo marsupial pouch,negative_phrase,14,0.5371999999965738,0
1000,kangaroo marsupial pouch,negative_phrase,15,0.46190000000478904,0
1000,kangaroo marsupial pouch,negative_phrase,16,0.513800000021547,0
1000,kangaroo marsupial pouch,negative_phrase,17,0.47010000002956076,0
1000,kangaroo marsupial pouch,negative_phrase,18,0.4235999999764317,0
1000,kangaroo marsupial pouch,negative_phrase,19,0.4963999999745283,0
1000,telescope nebula astronomy,negative_phrase,0,0.419200000010278,0
1000,telescope nebula astronomy,negative_phrase,1,0.6468000000268148,0
1000,telescope nebula astronomy,negative_phrase,2,0.551299999983712,0
1000,telescope nebula astronomy,negative_phrase,3,0.4314999999905922,0
1000,telescope nebula astronomy,negative_phrase,4,0.5009000000200103,0
1000,telescope nebula astronomy,negative_phrase,5,0.4207000000064909,0
1000,telescope nebula astronomy,negative_phrase,6,0.6588999999621592,0
1000,telescope nebula astronomy,negative_phrase,7,0.4782000000318476,0
1000,telescope nebula astronomy,negative_phrase,8,0.45540000002119996,0
1000,telescope nebula astronomy,negative_phrase,9,0.46109999999544016,0
1000,telescope nebula astronomy,negative_phrase,10,0.4539000000249871,0
1000,telescope nebula astronomy,negative_phrase,11,0.4168000000390748,0
1000,telescope nebula astronomy,negative_phrase,12,0.44850000000451473,0
1000,telescope nebula astronomy,negative_phrase,13,0.40369999999256834,0
1000,telescope nebula astronomy,negative_phrase,14,0.47319999998762796,0
1000,telescope nebula astronomy,negative_phrase,15,0.44780000001765075,0
1000,telescope nebula astronomy,negative_phrase,16,0.4026000000294516,0
1000,telescope nebula astronomy,negative_phrase,17,0.47280000001137523,0
1000,telescope nebula astronomy,negative_phrase,18,0.4086000000143031,0
1000,telescope nebula astronomy,negative_phrase,19,0.44530000002396264,0
1000,hummingbird nectar pollination,negative_phrase,0,0.47080000001642475,0
1000,hummingbird nectar pollination,negative_phrase,1,0.42540000004009926,0
1000,hummingbird nectar pollination,negative_phrase,2,0.43669999996609477,0
1000,hummingbird nectar pollination,negative_phrase,3,0.4799000000161868,0
1000,hummingbird nectar pollination,negative_phrase,4,0.42329999996582046,0
1000,hummingbird nectar pollination,negative_phrase,5,0.4548999999656189,0
1000,hummingbird nectar pollination,negative_phrase,6,0.48100000003614696,0
1000,hummingbird nectar pollination,negative_phrase,7,0.7843000000207212,0
1000,hummingbird nectar pollination,negative_phrase,8,0.8086999999932232,0
1000,hummingbird nectar pollination,negative_phrase,9,0.5054999999742904,0
1000,hummingbird nectar pollination,negative_phrase,10,0.48909999998159037,0
1000,hummingbird nectar pollination,negative_phrase,11,0.43669999996609477,0
1000,hummingbird nectar pollination,negative_phrase,12,0.6336000000146669,0
1000,hummingbird nectar pollination,negative_phrase,13,0.5602999999609892,0
1000,hummingbird nectar pollination,negative_phrase,14,0.47390000003133537,0
1000,hummingbird nectar pollination,negative_phrase,15,0.5093999999985499,0
1000,hummingbird nectar pollination,negative_phrase,16,0.42930000000751534,0
1000,hummingbird nectar pollination,negative_phrase,17,0.6806999999753316,0
1000,hummingbird nectar pollination,negative_phrase,18,0.49830000000383734,0
1000,hummingbird nectar pollination,negative_phrase,19,0.4429999999615575,0
1000,ޥބޛސ ޠޅސޔ,negative_dhivehi,0,0.6482999999661843,0
1000,ޥބޛސ ޠޅސޔ,negative_dhivehi,1,0.5648999999721127,0
1000,ޥބޛސ ޠޅސޔ,negative_dhivehi,2,0.5133000000228094,0
1000,ޥބޛސ ޠޅސޔ,negative_dhivehi,3,0.5826000000297427,0
1000,ޥބޛސ ޠޅސޔ,negative_dhivehi,4,0.5413999999746011,0
1000,ޥބޛސ ޠޅސޔ,negative_dhivehi,5,0.5750000000261934,0
1000,ޥބޛސ ޠޅސޔ,negative_dhivehi,6,0.5100999999854139,0
1000,ޥބޛސ ޠޅސޔ,negative_dhivehi,7,0.4941999999914515,0
1000,ޥބޛސ ޠޅސޔ,negative_dhivehi,8,0.5103999999960251,0
1000,ޥބޛސ ޠޅސޔ,negative_dhivehi,9,0.4690999999752421,0
1000,ޥބޛސ ޠޅސޔ,negative_dhivehi,10,0.45919999996613114,0
1000,ޥބޛސ ޠޅސޔ,negative_dhivehi,11,0.5157999999596541,0
1000,ޥބޛސ ޠޅސޔ,negative_dhivehi,12,0.7756999999628533,0
1000,ޥބޛސ ޠޅސޔ,negative_dhivehi,13,0.5944000000113192,0
1000,ޥބޛސ ޠޅސޔ,negative_dhivehi,14,0.5520999999930609,0
1000,ޥބޛސ ޠޅސޔ,negative_dhivehi,15,0.7339000000001761,0
1000,ޥބޛސ ޠޅސޔ,negative_dhivehi,16,0.5542999999761378,0
1000,ޥބޛސ ޠޅސޔ,negative_dhivehi,17,0.9802999999806161,0
1000,ޥބޛސ ޠޅސޔ,negative_dhivehi,18,0.6066999999916334,0
1000,ޥބޛސ ޠޅސޔ,negative_dhivehi,19,0.5187000000432818,0
1000,ޕފޑޘ ޖޠޞޏފޓ,negative_dhivehi,0,0.7006999999816799,0
1000,ޕފޑޘ ޖޠޞޏފޓ,negative_dhivehi,1,0.49119999999902575,0
1000,ޕފޑޘ ޖޠޞޏފޓ,negative_dhivehi,2,0.40549999999939246,0
1000,ޕފޑޘ ޖޠޞޏފޓ,negative_dhivehi,3,0.4263000000150896,0
1000,ޕފޑޘ ޖޠޞޏފޓ,negative_dhivehi,4,0.48219999996490515,0
1000,ޕފޑޘ ޖޠޞޏފޓ,negative_dhivehi,5,0.37750000001324224,0
1000,ޕފޑޘ ޖޠޞޏފޓ,negative_dhivehi,6,0.45719999997118066,0
1000,ޕފޑޘ ޖޠޞޏފޓ,negative_dhivehi,7,0.38369999998622006,0
1000,ޕފޑޘ ޖޠޞޏފޓ,negative_dhivehi,8,0.41390000001229055,0
1000,ޕފޑޘ ޖޠޞޏފޓ,negative_dhivehi,9,0.397599999985232,0
1000,ޕފޑޘ ޖޠޞޏފޓ,negative_dhivehi,10,0.3662000000304033,0
1000,ޕފޑޘ ޖޠޞޏފޓ,negative_dhivehi,11,0.4341000000067652,0
1000,ޕފޑޘ ޖޠޞޏފޓ,negative_dhivehi,12,0.37539999999580687,0
1000,ޕފޑޘ ޖޠޞޏފޓ,negative_dhivehi,13,0.42980000000625296,0
1000,ޕފޑޘ ޖޠޞޏފޓ,negative_dhivehi,14,0.3881000000092172,0
1000,ޕފޑޘ ޖޠޞޏފޓ,negative_dhivehi,15,0.3895000000397886,0
1000,ޕފޑޘ ޖޠޞޏފޓ,negative_dhivehi,16,0.4121999999711079,0
1000,ޕފޑޘ ޖޠޞޏފޓ,negative_dhivehi,17,0.39459999999280626,0
1000,ޕފޑޘ ޖޠޞޏފޓ,negative_dhivehi,18,0.40689999997312043,0
1000,ޕފޑޘ ޖޠޞޏފޓ,negative_dhivehi,19,0.40350000000444197,0
1000,ޑޕސޕ,negative_dhivehi,0,0.38440000002992747,0
1000,ޑޕސޕ,negative_dhivehi,1,0.37489999999706924,0
1000,ޑޕސޕ,negative_dhivehi,2,0.3100000000131331,0
1000,ޑޕސޕ,negative_dhivehi,3,0.29929999999467327,0
1000,ޑޕސޕ,negative_dhivehi,4,0.36199999999553256,0
1000,ޑޕސޕ,negative_dhivehi,5,0.34679999998843414,0
1000,ޑޕސޕ,negative_dhivehi,6,0.29429999995045364,0
1000,ޑޕސޕ,negative_dhivehi,7,0.2792000000226835,0
1000,ޑޕސޕ,negative_dhivehi,8,0.29320000004418034,0
1000,ޑޕސޕ,negative_dhivehi,9,0.3558999999881962,0
1000,ޑޕސޕ,negative_dhivehi,10,0.310800000022482,0
1000,ޑޕސޕ,negative_dhivehi,11,0.2908000000161337,0
1000,ޑޕސޕ,negative_dhivehi,12,0.32630000004019166,0
1000,ޑޕސޕ,negative_dhivehi,13,0.2901000000292697,0
1000,ޑޕސޕ,negative_dhivehi,14,0.3150000000005093,0
1000,ޑޕސޕ,negative_dhivehi,15,0.3126000000293061,0
1000,ޑޕސޕ,negative_dhivehi,16,0.3196999999772743,0
1000,ޑޕސޕ,negative_dhivehi,17,0.2867999999693893,0
1000,ޑޕސޕ,negative_dhivehi,18,0.5161999999927502,0
1000,ޑޕސޕ,negative_dhivehi,19,0.6022999999686363,0
1000,ޛށޝޛލ ޢގހޔމހ,negative_dhivehi,0,0.7426000000236854,0
1000,ޛށޝޛލ ޢގހޔމހ,negative_dhivehi,1,0.6377000000270527,0
1000,ޛށޝޛލ ޢގހޔމހ,negative_dhivehi,2,0.5939000000125816,0
1000,ޛށޝޛލ ޢގހޔމހ,negative_dhivehi,3,0.6136000000083186,0
1000,ޛށޝޛލ ޢގހޔމހ,negative_dhivehi,4,0.820799999985411,0
1000,ޛށޝޛލ ޢގހޔމހ,negative_dhivehi,5,0.6847999999877175,0
1000,ޛށޝޛލ ޢގހޔމހ,negative_dhivehi,6,0.8850000000393266,0
1000,ޛށޝޛލ ޢގހޔމހ,negative_dhivehi,7,0.699199999985467,0
1000,ޛށޝޛލ ޢގހޔމހ,negative_dhivehi,8,0.6109000000265041,0
1000,ޛށޝޛލ ޢގހޔމހ,negative_dhivehi,9,0.6447999999750209,0
1000,ޛށޝޛލ ޢގހޔމހ,negative_dhivehi,10,1.0313999999880252,0
1000,ޛށޝޛލ ޢގހޔމހ,negative_dhivehi,11,0.7648000000131105,0
1000,ޛށޝޛލ ޢގހޔމހ,negative_dhivehi,12,0.6412000000182161,0
1000,ޛށޝޛލ ޢގހޔމހ,negative_dhivehi,13,0.601800000026742,0
1000,ޛށޝޛލ ޢގހޔމހ,negative_dhivehi,14,0.6399999999757711,0
1000,ޛށޝޛލ ޢގހޔމހ,negative_dhivehi,15,0.5958999999506887,0
1000,ޛށޝޛލ ޢގހޔމހ,negative_dhivehi,16,0.5708999999569642,0
1000,ޛށޝޛލ ޢގހޔމހ,negative_dhivehi,17,0.5884000000264678,0
1000,ޛށޝޛލ ޢގހޔމހ,negative_dhivehi,18,0.538899999980913,0
1000,ޛށޝޛލ ޢގހޔމހ,negative_dhivehi,19,0.5409999999983484,0
1000,ވޘއހޜޅ ވޡޗޓފޏ,negative_dhivehi,0,0.4705000000058135,0
1000,ވޘއހޜޅ ވޡޗޓފޏ,negative_dhivehi,1,0.4460000000108266,0
1000,ވޘއހޜޅ ވޡޗޓފޏ,negative_dhivehi,2,0.3796999999963191,0
1000,ވޘއހޜޅ ވޡޗޓފޏ,negative_dhivehi,3,0.4155999999966298,0
1000,ވޘއހޜޅ ވޡޗޓފޏ,negative_dhivehi,4,0.44320000000652726,0
1000,ވޘއހޜޅ ވޡޗޓފޏ,negative_dhivehi,5,0.8229999999684878,0
1000,ވޘއހޜޅ ވޡޗޓފޏ,negative_dhivehi,6,0.581599999975424,0
1000,ވޘއހޜޅ ވޡޗޓފޏ,negative_dhivehi,7,0.43759999999792853,0
1000,ވޘއހޜޅ ވޡޗޓފޏ,negative_dhivehi,8,0.6149000000164051,0
1000,ވޘއހޜޅ ވޡޗޓފޏ,negative_dhivehi,9,0.763500000005024,0
1000,ވޘއހޜޅ ވޡޗޓފޏ,negative_dhivehi,10,0.41580000004159956,0
1000,ވޘއހޜޅ ވޡޗޓފޏ,negative_dhivehi,11,0.4073000000062166,0
1000,ވޘއހޜޅ ވޡޗޓފޏ,negative_dhivehi,12,0.48880000002782253,0
1000,ވޘއހޜޅ ވޡޗޓފޏ,negative_dhivehi,13,0.5359999999541287,0
1000,ވޘއހޜޅ ވޡޗޓފޏ,negative_dhivehi,14,0.5004999999869142,0
1000,ވޘއހޜޅ ވޡޗޓފޏ,negative_dhivehi,15,0.45719999997118066,0
1000,ވޘއހޜޅ ވޡޗޓފޏ,negative_dhivehi,16,0.44070000001283915,0
1000,ވޘއހޜޅ ވޡޗޓފޏ,negative_dhivehi,17,0.39659999998775675,0
1000,ވޘއހޜޅ ވޡޗޓފޏ,negative_dhivehi,18,0.4946000000245476,0
1000,ވޘއހޜޅ ވޡޗޓފޏ,negative_dhivehi,19,0.39720000000897926,0
1000,ޔޓޘލ,negative_dhivehi,0,0.3328999999894222,0
1000,ޔޓޘލ,negative_dhivehi,1,0.34229999999979555,0
1000,ޔޓޘލ,negative_dhivehi,2,0.3769999999576612,0
1000,ޔޓޘލ,negative_dhivehi,3,0.32489999995277685,0
1000,ޔޓޘލ,negative_dhivehi,4,0.3130999999712003,0
1000,ޔޓޘލ,negative_dhivehi,5,0.32039999996413826,0
1000,ޔޓޘލ,negative_dhivehi,6,0.29689999996662664,0
1000,ޔޓޘލ,negative_dhivehi,7,0.33059999998386047,0
1000,ޔޓޘލ,negative_dhivehi,8,0.28550000001814624,0
1000,ޔޓޘލ,negative_dhivehi,9,0.3363000000149441,0
1000,ޔޓޘލ,negative_dhivehi,10,0.33389999998689746,0
1000,ޔޓޘލ,negative_dhivehi,11,0.2958999999691514,0
1000,ޔޓޘލ,negative_dhivehi,12,0.29159999996863917,0
1000,ޔޓޘލ,negative_dhivehi,13,0.35169999995332546,0
1000,ޔޓޘލ,negative_dhivehi,14,0.304200000016408,0
1000,ޔޓޘލ,negative_dhivehi,15,0.28680000002623274,0
1000,ޔޓޘލ,negative_dhivehi,16,0.29819999997471314,0
1000,ޔޓޘލ,negative_dhivehi,17,0.3171000000179447,0
1000,ޔޓޘލ,negative_dhivehi,18,0.2986000000078093,0
1000,ޔޓޘލ,negative_dhivehi,19,0.2811999999607906,0
1000,ޙޣޅލޔޑ ޣޞސލދ,negative_dhivehi,0,0.5453999999645021,0
1000,ޙޣޅލޔޑ ޣޞސލދ,negative_dhivehi,1,0.4946999999901891,0
1000,ޙޣޅލޔޑ ޣޞސލދ,negative_dhivehi,2,0.47829999999748907,0
1000,ޙޣޅލޔޑ ޣޞސލދ,negative_dhivehi,3,0.4718000000139,0
1000,ޙޣޅލޔޑ ޣޞސލދ,negative_dhivehi,4,0.5879999999933716,0
1000,ޙޣޅލޔޑ ޣޞސލދ,negative_dhivehi,5,0.9479000000283122,0
1000,ޙޣޅލޔޑ ޣޞސލދ,negative_dhivehi,6,0.7994999999709762,0
1000,ޙޣޅލޔޑ ޣޞސލދ,negative_dhivehi,7,0.5376999999953114,0
1000,ޙޣޅލޔޑ ޣޞސލދ,negative_dhivehi,8,0.7339000000001761,0
1000,ޙޣޅލޔޑ ޣޞސލދ,negative_dhivehi,9,0.6263000000217289,0
1000,ޙޣޅލޔޑ ޣޞސލދ,negative_dhivehi,10,0.5228999999644657,0
1000,ޙޣޅލޔޑ ޣޞސލދ,negative_dhivehi,11,0.6465000000162036,0
1000,ޙޣޅލޔޑ ޣޞސލދ,negative_dhivehi,12,0.532299999974839,0
1000,ޙޣޅލޔޑ ޣޞސލދ,negative_dhivehi,13,0.5712999999900603,0
1000,ޙޣޅލޔޑ ޣޞސލދ,negative_dhivehi,14,0.49450000000206273,0
1000,ޙޣޅލޔޑ ޣޞސލދ,negative_dhivehi,15,0.49410000002581,0
1000,ޙޣޅލޔޑ ޣޞސލދ,negative_dhivehi,16,0.49939999996695406,0
1000,ޙޣޅލޔޑ ޣޞސލދ,negative_dhivehi,17,0.5043000000455322,0
1000,ޙޣޅލޔޑ ޣޞސލދ,negative_dhivehi,18,0.4572000000280241,0
1000,ޙޣޅލޔޑ ޣޞސލދ,negative_dhivehi,19,0.5148999999846637,0
1000,ޝއނފމ ޙޅޗޘ,negative_dhivehi,0,0.42919999998503044,0
1000,ޝއނފމ ޙޅޗޘ,negative_dhivehi,1,0.5036000000018248,0
1000,ޝއނފމ ޙޅޗޘ,negative_dhivehi,2,0.7291999999665677,0
1000,ޝއނފމ ޙޅޗޘ,negative_dhivehi,3,0.5216000000132226,0
1000,ޝއނފމ ޙޅޗޘ,negative_dhivehi,4,0.4582999999911408,0
1000,ޝއނފމ ޙޅޗޘ,negative_dhivehi,5,0.5330999999841879,0
1000,ޝއނފމ ޙޅޗޘ,negative_dhivehi,6,0.5749000000037086,0
1000,ޝއނފމ ޙޅޗޘ,negative_dhivehi,7,0.4710000000045511,0
1000,ޝއނފމ ޙޅޗޘ,negative_dhivehi,8,0.4269000000363121,0
1000,ޝއނފމ ޙޅޗޘ,negative_dhivehi,9,0.5749000000037086,0
1000,ޝއނފމ ޙޅޗޘ,negative_dhivehi,10,0.4762000000368971,0
1000,ޝއނފމ ޙޅޗޘ,negative_dhivehi,11,0.4390999999941414,0
1000,ޝއނފމ ޙޅޗޘ,negative_dhivehi,12,0.4020000000082291,0
1000,ޝއނފމ ޙޅޗޘ,negative_dhivehi,13,0.36849999997912164,0
1000,ޝއނފމ ޙޅޗޘ,negative_dhivehi,14,0.44020000001410153,0
1000,ޝއނފމ ޙޅޗޘ,negative_dhivehi,15,0.4059000000324886,0
1000,ޝއނފމ ޙޅޗޘ,negative_dhivehi,16,0.49309999997149134,0
1000,ޝއނފމ ޙޅޗޘ,negative_dhivehi,17,0.4076999999824693,0
1000,ޝއނފމ ޙޅޗޘ,negative_dhivehi,18,0.4334000000199012,0
1000,ޝއނފމ ޙޅޗޘ,negative_dhivehi,19,0.4390999999941414,0
2500,data,single_term,0,227.41430000002083,20
2500,data,single_term,1,228.14690000001292,20
2500,data,single_term,2,225.9096000000227,20
2500,data,single_term,3,231.8200999999931,20
2500,data,single_term,4,226.29929999999376,20
2500,data,single_term,5,230.05010000002812,20
2500,data,single_term,6,227.68750000000182,20
2500,data,single_term,7,224.43220000002384,20
2500,data,single_term,8,230.15979999996716,20
2500,data,single_term,9,225.2941000000419,20
2500,data,single_term,10,229.1875000000232,20
2500,data,single_term,11,230.50769999997556,20
2500,data,single_term,12,229.66930000001184,20
2500,data,single_term,13,225.5313000000001,20
2500,data,single_term,14,232.08749999997735,20
2500,data,single_term,15,228.81860000001097,20
2500,data,single_term,16,228.7951999999791,20
2500,data,single_term,17,238.96160000003874,20
2500,data,single_term,18,225.59799999999086,20
2500,data,single_term,19,226.8071999999961,20
2500,annual report,phrase,0,204.3300000000272,20
2500,annual report,phrase,1,205.05120000001398,20
2500,annual report,phrase,2,194.06040000001212,20
2500,annual report,phrase,3,202.76380000001382,20
2500,annual report,phrase,4,197.93290000001207,20
2500,annual report,phrase,5,200.75570000000198,20
2500,annual report,phrase,6,201.1889999999994,20
2500,annual report,phrase,7,200.02580000004855,20
2500,annual report,phrase,8,201.55820000002223,20
2500,annual report,phrase,9,201.26999999996542,20
2500,annual report,phrase,10,200.7394999999974,20
2500,annual report,phrase,11,202.36230000000432,20
2500,annual report,phrase,12,200.14859999997725,20
2500,annual report,phrase,13,197.83539999997402,20
2500,annual report,phrase,14,199.90039999999,20
2500,annual report,phrase,15,203.31959999998617,20
2500,annual report,phrase,16,201.667499999985,20
2500,annual report,phrase,17,204.587599999968,20
2500,annual report,phrase,18,201.83149999996886,20
2500,annual report,phrase,19,201.78629999998066,20
2500,000,filename_prefix,0,15.076599999986229,20
2500,000,filename_prefix,1,13.404700000023695,20
2500,000,filename_prefix,2,13.137999999969452,20
2500,000,filename_prefix,3,13.819400000045334,20
2500,000,filename_prefix,4,13.788499999975556,20
2500,000,filename_prefix,5,13.680000000022119,20
2500,000,filename_prefix,6,14.09569999998439,20
2500,000,filename_prefix,7,13.249499999972159,20
2500,000,filename_prefix,8,13.362700000016048,20
2500,000,filename_prefix,9,13.786799999991217,20
2500,000,filename_prefix,10,15.195199999993747,20
2500,000,filename_prefix,11,13.486000000000331,20
2500,000,filename_prefix,12,13.237900000035552,20
2500,000,filename_prefix,13,13.928299999975025,20
2500,000,filename_prefix,14,14.23499999998512,20
2500,000,filename_prefix,15,14.167000000043117,20
2500,000,filename_prefix,16,13.87470000003077,20
2500,000,filename_prefix,17,16.070300000023963,20
2500,000,filename_prefix,18,13.008600000034676,20
2500,000,filename_prefix,19,13.453400000003057,20
2500,ދިވެހި,dhivehi,0,0.9962999999970634,0
2500,ދިވެހި,dhivehi,1,0.29159999996863917,0
2500,ދިވެހި,dhivehi,2,0.22150000000920045,0
2500,ދިވެހި,dhivehi,3,0.2091000000064014,0
2500,ދިވެހި,dhivehi,4,0.21299999997381747,0
2500,ދިވެހި,dhivehi,5,0.19570000000612708,0
2500,ދިވެހި,dhivehi,6,0.2236999999922773,0
2500,ދިވެހި,dhivehi,7,0.19270000001370136,0
2500,ދިވެހި,dhivehi,8,0.17880000001468943,0
2500,ދިވެހި,dhivehi,9,0.20929999999452775,0
2500,ދިވެހި,dhivehi,10,0.1743999999916923,0
2500,ދިވެހި,dhivehi,11,0.22839999996904226,0
2500,ދިވެހި,dhivehi,12,0.1976000000354361,0
2500,ދިވެހި,dhivehi,13,0.17850000000407817,0
2500,ދިވެހި,dhivehi,14,0.3820999999675223,0
2500,ދިވެހި,dhivehi,15,0.32809999999017236,0
2500,ދިވެހި,dhivehi,16,0.2339000000119995,0
2500,ދިވެހި,dhivehi,17,0.215500000024349,0
2500,ދިވެހި,dhivehi,18,0.21309999999630236,0
2500,ދިވެހި,dhivehi,19,0.21119999996699335,0
2500,qyzzlephtn,negative_term,0,0.8197999999879357,0
2500,qyzzlephtn,negative_term,1,0.2944999999954234,0
2500,qyzzlephtn,negative_term,2,0.21129999998947824,0
2500,qyzzlephtn,negative_term,3,0.18770000002632514,0
2500,qyzzlephtn,negative_term,4,0.17500000001291482,0
2500,qyzzlephtn,negative_term,5,0.17660000003161258,0
2500,qyzzlephtn,negative_term,6,0.18820000002506276,0
2500,qyzzlephtn,negative_term,7,0.2167000000099506,0
2500,qyzzlephtn,negative_term,8,0.18270000003894893,0
2500,qyzzlephtn,negative_term,9,0.1712999999767817,0
2500,qyzzlephtn,negative_term,10,0.1673999999525222,0
2500,qyzzlephtn,negative_term,11,0.16890000000557848,0
2500,qyzzlephtn,negative_term,12,0.16470000002755114,0
2500,qyzzlephtn,negative_term,13,0.15960000001769004,0
2500,qyzzlephtn,negative_term,14,0.15000000001919034,0
2500,qyzzlephtn,negative_term,15,0.14649999997118357,0
2500,qyzzlephtn,negative_term,16,0.15560000002778906,0
2500,qyzzlephtn,negative_term,17,0.15639999998029452,0
2500,qyzzlephtn,negative_term,18,0.1661000000012791,0
2500,qyzzlephtn,negative_term,19,0.17139999999926658,0
2500,drubblixqwo,negative_term,0,0.29989999995905237,0
2500,drubblixqwo,negative_term,1,0.21429999998190397,0
2500,drubblixqwo,negative_term,2,0.19900000000916407,0
2500,drubblixqwo,negative_term,3,0.17549999995480903,0
2500,drubblixqwo,negative_term,4,0.17630000002100132,0
2500,drubblixqwo,negative_term,5,0.15949999999520514,0
2500,drubblixqwo,negative_term,6,0.1737999999704698,0
2500,drubblixqwo,negative_term,7,0.1654999999800566,0
2500,drubblixqwo,negative_term,8,0.1718999999980042,0
2500,drubblixqwo,negative_term,9,0.18619999997326886,0
2500,drubblixqwo,negative_term,10,0.15820000004396206,0
2500,drubblixqwo,negative_term,11,0.17169999995303442,0
2500,drubblixqwo,negative_term,12,0.16200000004573667,0
2500,drubblixqwo,negative_term,13,0.18130000000837754,0
2500,drubblixqwo,negative_term,14,0.1533999999878688,0
2500,drubblixqwo,negative_term,15,0.14529999998558196,0
2500,drubblixqwo,negative_term,16,0.1596999999833315,0
2500,drubblixqwo,negative_term,17,0.15430000001970257,0
2500,drubblixqwo,negative_term,18,0.14740000000301734,0
2500,drubblixqwo,negative_term,19,0.14300000003686364,0
2500,wkxzploom,negative_term,0,0.8499000000483647,0
2500,wkxzploom,negative_term,1,0.325299999985873,0
2500,wkxzploom,negative_term,2,0.31560000002173183,0
2500,wkxzploom,negative_term,3,0.3126999999949476,0
2500,wkxzploom,negative_term,4,0.29109999996990155,0
2500,wkxzploom,negative_term,5,0.3104999999550273,0
2500,wkxzploom,negative_term,6,0.2881999999999607,0
2500,wkxzploom,negative_term,7,0.29699999998911153,0
2500,wkxzploom,negative_term,8,0.28209999999262436,0
2500,wkxzploom,negative_term,9,0.2718000000072607,0
2500,wkxzploom,negative_term,10,0.30270000002019515,0
2500,wkxzploom,negative_term,11,0.30340000000705913,0
2500,wkxzploom,negative_term,12,0.31799999999293505,0
2500,wkxzploom,negative_term,13,0.3065999999876112,0
2500,wkxzploom,negative_term,14,0.32299999998031126,0
2500,wkxzploom,negative_term,15,0.3930999999965934,0
2500,wkxzploom,negative_term,16,0.4208000000289758,0
2500,wkxzploom,negative_term,17,0.3978000000302018,0
2500,wkxzploom,negative_term,18,0.3809000000387641,0
2500,wkxzploom,negative_term,19,0.3616999999849213,0
2500,fjordplinthqux,negative_term,0,1.0270000000218715,0
2500,fjordplinthqux,negative_term,1,0.2435000000104992,0
2500,fjordplinthqux,negative_term,2,0.19509999998490457,0
2500,fjordplinthqux,negative_term,3,0.18519999997579362,0
2500,fjordplinthqux,negative_term,4,0.20100000000411455,0
2500,fjordplinthqux,negative_term,5,0.18199999999524152,0
2500,fjordplinthqux,negative_term,6,0.17869999999220454,0
2500,fjordplinthqux,negative_term,7,0.16919999995934631,0
2500,fjordplinthqux,negative_term,8,0.15949999999520514,0
2500,fjordplinthqux,negative_term,9,0.15570000005027396,0
2500,fjordplinthqux,negative_term,10,0.18140000003086243,0
2500,fjordplinthqux,negative_term,11,0.16019999998206913,0
2500,fjordplinthqux,negative_term,12,0.1604999999926804,0
2500,fjordplinthqux,negative_term,13,0.1540000000090913,0
2500,fjordplinthqux,negative_term,14,0.14790000000175496,0
2500,fjordplinthqux,negative_term,15,0.14869999995426042,0
2500,fjordplinthqux,negative_term,16,0.18810000000257787,0
2500,fjordplinthqux,negative_term,17,0.1962000000048647,0
2500,fjordplinthqux,negative_term,18,0.17779999996037077,0
2500,fjordplinthqux,negative_term,19,0.15769999998838102,0
2500,jvqxbreel,negative_term,0,0.19019999996316983,0
2500,jvqxbreel,negative_term,1,0.2091000000064014,0
2500,jvqxbreel,negative_term,2,0.1884999999788306,0
2500,jvqxbreel,negative_term,3,0.16279999999824213,0
2500,jvqxbreel,negative_term,4,0.15509999997220802,0
2500,jvqxbreel,negative_term,5,0.16310000000885339,0
2500,jvqxbreel,negative_term,6,0.18639999996139522,0
2500,jvqxbreel,negative_term,7,0.3292000000101325,0
2500,jvqxbreel,negative_term,8,0.20740000002206216,0
2500,jvqxbreel,negative_term,9,0.16700000003311288,0
2500,jvqxbreel,negative_term,10,0.15999999999394277,0
2500,jvqxbreel,negative_term,11,0.1694000000043161,0
2500,jvqxbreel,negative_term,12,0.1916999999593827,0
2500,jvqxbreel,negative_term,13,0.161699999978282,0
2500,jvqxbreel,negative_term,14,0.15070000000605432,0
2500,jvqxbreel,negative_term,15,0.15639999998029452,0
2500,jvqxbreel,negative_term,16,0.15899999999646752,0
2500,jvqxbreel,negative_term,17,0.15170000000352957,0
2500,jvqxbreel,negative_term,18,0.18940000001066437,0
2500,jvqxbreel,negative_term,19,0.1859999999851425,0
2500,vmblargwex,negative_term,0,0.6096999999840591,0
2500,vmblargwex,negative_term,1,0.3419999999891843,0
2500,vmblargwex,negative_term,2,0.3341999999975087,0
2500,vmblargwex,negative_term,3,0.30779999997321283,0
2500,vmblargwex,negative_term,4,0.35330000002886663,0
2500,vmblargwex,negative_term,5,0.3161999999861109,0
2500,vmblargwex,negative_term,6,0.29880000005277907,0
2500,vmblargwex,negative_term,7,0.3229000000146698,0
2500,vmblargwex,negative_term,8,0.28779999996686456,0
2500,vmblargwex,negative_term,9,0.2774999999815009,0
2500,vmblargwex,negative_term,10,0.3188999999679254,0
2500,vmblargwex,negative_term,11,0.3030999999964479,0
2500,vmblargwex,negative_term,12,0.27949999997645136,0
2500,vmblargwex,negative_term,13,0.27249999999412466,0
2500,vmblargwex,negative_term,14,0.3465000000346663,0
2500,vmblargwex,negative_term,15,0.29260000002295783,0
2500,vmblargwex,negative_term,16,0.27699999998276326,0
2500,vmblargwex,negative_term,17,0.3067000000100961,0
2500,vmblargwex,negative_term,18,0.302999999973963,0
2500,vmblargwex,negative_term,19,0.3029000000083215,0
2500,ploxxundriq,negative_term,0,0.5719000000112828,0
2500,ploxxundriq,negative_term,1,0.21639999999933934,0
2500,ploxxundriq,negative_term,2,0.1859999999851425,0
2500,ploxxundriq,negative_term,3,0.17619999999851643,0
2500,ploxxundriq,negative_term,4,0.18049999999902866,0
2500,ploxxundriq,negative_term,5,0.17459999997981868,0
2500,ploxxundriq,negative_term,6,0.15349999995351027,0
2500,ploxxundriq,negative_term,7,0.16920000001618973,0
2500,ploxxundriq,negative_term,8,0.1603999999701955,0
2500,ploxxundriq,negative_term,9,0.1560000000040418,0
2500,ploxxundriq,negative_term,10,0.17619999999851643,0
2500,ploxxundriq,negative_term,11,0.1707000000124026,0
2500,ploxxundriq,negative_term,12,0.6109000000265041,0
2500,ploxxundriq,negative_term,13,0.32939999999825886,0
2500,ploxxundriq,negative_term,14,0.3260999999952219,0
2500,ploxxundriq,negative_term,15,0.22989999996525512,0
2500,ploxxundriq,negative_term,16,0.18579999999701613,0
2500,ploxxundriq,negative_term,17,0.17750000000660293,0
2500,ploxxundriq,negative_term,18,0.16460000000506625,0
2500,ploxxundriq,negative_term,19,0.1596999999833315,0
2500,grindlewqxz,negative_term,0,0.19570000000612708,0
2500,grindlewqxz,negative_term,1,0.19479999997429331,0
2500,grindlewqxz,negative_term,2,0.2829999999676147,0
2500,grindlewqxz,negative_term,3,0.22039999998924031,0
2500,grindlewqxz,negative_term,4,0.2204999999548818,0
2500,grindlewqxz,negative_term,5,0.18869999996695697,0
2500,grindlewqxz,negative_term,6,0.17420000000356595,0
2500,grindlewqxz,negative_term,7,0.20299999999906504,0
2500,grindlewqxz,negative_term,8,0.17230000003110035,0
2500,grindlewqxz,negative_term,9,0.15700000000151704,0
2500,grindlewqxz,negative_term,10,0.1615999999557971,0
2500,grindlewqxz,negative_term,11,0.16670000002250163,0
2500,grindlewqxz,negative_term,12,0.1584999999977299,0
2500,grindlewqxz,negative_term,13,0.21390000000565124,0
2500,grindlewqxz,negative_term,14,0.15769999998838102,0
2500,grindlewqxz,negative_term,15,0.16979999998056883,0
2500,grindlewqxz,negative_term,16,0.16080000000329164,0
2500,grindlewqxz,negative_term,17,0.15319999999974243,0
2500,grindlewqxz,negative_term,18,0.14659999999366846,0
2500,grindlewqxz,negative_term,19,0.1963000000273496,0
2500,qwxztheronik,negative_term,0,0.3216000000065833,0
2500,qwxztheronik,negative_term,1,0.30039999995779,0
2500,qwxztheronik,negative_term,2,0.34160000001293156,0
2500,qwxztheronik,negative_term,3,0.3113000000212196,0
2500,qwxztheronik,negative_term,4,0.287100000036844,0
2500,qwxztheronik,negative_term,5,0.31300000000555883,0
2500,qwxztheronik,negative_term,6,0.31020000000125947,0
2500,qwxztheronik,negative_term,7,0.32859999998891,0
2500,qwxztheronik,negative_term,8,0.32640000000583314,0
2500,qwxztheronik,negative_term,9,0.3183000000035463,0
2500,qwxztheronik,negative_term,10,0.3158000000098582,0
2500,qwxztheronik,negative_term,11,0.2916000000254826,0
2500,qwxztheronik,negative_term,12,0.275999999985288,0
2500,qwxztheronik,negative_term,13,0.3027999999858366,0
2500,qwxztheronik,negative_term,14,0.32500000003210516,0
2500,qwxztheronik,negative_term,15,0.30759999998508647,0
2500,qwxztheronik,negative_term,16,0.2953000000047723,0
2500,qwxztheronik,negative_term,17,0.3489000000058695,0
2500,qwxztheronik,negative_term,18,0.29119999999238644,0
2500,qwxztheronik,negative_term,19,0.2945999999610649,0
2500,kangaroo marsupial pouch,negative_phrase,0,0.4827000000204862,0
2500,kangaroo marsupial pouch,negative_phrase,1,0.4584000000136257,0
2500,kangaroo marsupial pouch,negative_phrase,2,0.4598000000441971,0
2500,kangaroo marsupial pouch,negative_phrase,3,0.5259999999793763,0
2500,kangaroo marsupial pouch,negative_phrase,4,0.47910000000683794,0
2500,kangaroo marsupial pouch,negative_phrase,5,0.44320000000652726,0
2500,kangaroo marsupial pouch,negative_phrase,6,0.45099999999820284,0
2500,kangaroo marsupial pouch,negative_phrase,7,0.43239999996558254,0
2500,kangaroo marsupial pouch,negative_phrase,8,0.462599999991653,0
2500,kangaroo marsupial pouch,negative_phrase,9,0.4134999999791944,0
2500,kangaroo marsupial pouch,negative_phrase,10,0.7919000000242704,0
2500,kangaroo marsupial pouch,negative_phrase,11,0.5950999999981832,0
2500,kangaroo marsupial pouch,negative_phrase,12,0.4734999999982392,0
2500,kangaroo marsupial pouch,negative_phrase,13,0.4622000000154003,0
2500,kangaroo marsupial pouch,negative_phrase,14,0.4217000000039661,0
2500,kangaroo marsupial pouch,negative_phrase,15,0.54219999998395,0
2500,kangaroo marsupial pouch,negative_phrase,16,0.4270000000019536,0
2500,kangaroo marsupial pouch,negative_phrase,17,0.44889999998076746,0
2500,kangaroo marsupial pouch,negative_phrase,18,0.7238000000029388,0
2500,kangaroo marsupial pouch,negative_phrase,19,0.6582999999977801,0
2500,telescope nebula astronomy,negative_phrase,0,0.45810000000301443,0
2500,telescope nebula astronomy,negative_phrase,1,0.4732000000444714,0
2500,telescope nebula astronomy,negative_phrase,2,0.7014999999910287,0
2500,telescope nebula astronomy,negative_phrase,3,0.4460999999764681,0
2500,telescope nebula astronomy,negative_phrase,4,0.4773000000000138,0
2500,telescope nebula astronomy,negative_phrase,5,0.528299999984938,0
2500,telescope nebula astronomy,negative_phrase,6,0.42909999996254555,0
2500,telescope nebula astronomy,negative_phrase,7,0.4326000000105523,0
2500,telescope nebula astronomy,negative_phrase,8,0.9003000000120664,0
2500,telescope nebula astronomy,negative_phrase,9,0.5699000000163323,0
2500,telescope nebula astronomy,negative_phrase,10,0.48240000000987493,0
2500,telescope nebula astronomy,negative_phrase,11,0.47139999998080384,0
2500,telescope nebula astronomy,negative_phrase,12,0.4609000000073138,0
2500,telescope nebula astronomy,negative_phrase,13,0.439599999992879,0
2500,telescope nebula astronomy,negative_phrase,14,0.4499000000350861,0
2500,telescope nebula astronomy,negative_phrase,15,0.45149999999694046,0
2500,telescope nebula astronomy,negative_phrase,16,0.41329999999106803,0
2500,telescope nebula astronomy,negative_phrase,17,0.47569999998131607,0
2500,telescope nebula astronomy,negative_phrase,18,0.41379999998980566,0
2500,telescope nebula astronomy,negative_phrase,19,0.39980000002515226,0
2500,hummingbird nectar pollination,negative_phrase,0,0.49450000000206273,0
2500,hummingbird nectar pollination,negative_phrase,1,0.45360000001437584,0
2500,hummingbird nectar pollination,negative_phrase,2,0.7527999999865642,0
2500,hummingbird nectar pollination,negative_phrase,3,0.49300000000584987,0
2500,hummingbird nectar pollination,negative_phrase,4,0.46370000001161316,0
2500,hummingbird nectar pollination,negative_phrase,5,0.6151000000045315,0
2500,hummingbird nectar pollination,negative_phrase,6,0.7746999999653781,0
2500,hummingbird nectar pollination,negative_phrase,7,0.5176999999889631,0
2500,hummingbird nectar pollination,negative_phrase,8,0.44020000001410153,0
2500,hummingbird nectar pollination,negative_phrase,9,0.4900999999790656,0
2500,hummingbird nectar pollination,negative_phrase,10,0.4346000000055028,0
2500,hummingbird nectar pollination,negative_phrase,11,0.43250000004491085,0
2500,hummingbird nectar pollination,negative_phrase,12,0.47130000001516237,0
2500,hummingbird nectar pollination,negative_phrase,13,0.4466999999976906,0
2500,hummingbird nectar pollination,negative_phrase,14,0.44570000000021537,0
2500,hummingbird nectar pollination,negative_phrase,15,0.4512000000431726,0
2500,hummingbird nectar pollination,negative_phrase,16,0.4666000000383974,0
2500,hummingbird nectar pollination,negative_phrase,17,0.4743000000075881,0
2500,hummingbird nectar pollination,negative_phrase,18,0.4294999999956417,0
2500,hummingbird nectar pollination,negative_phrase,19,0.42020000000775326,0
2500,ޥބޛސ ޠޅސޔ,negative_dhivehi,0,0.6147000000282787,0
2500,ޥބޛސ ޠޅސޔ,negative_dhivehi,1,0.5067999999823769,0
2500,ޥބޛސ ޠޅސޔ,negative_dhivehi,2,0.5495999999993728,0
2500,ޥބޛސ ޠޅސޔ,negative_dhivehi,3,0.5225000000450564,0
2500,ޥބޛސ ޠޅސޔ,negative_dhivehi,4,0.5044000000111737,0
2500,ޥބޛސ ޠޅސޔ,negative_dhivehi,5,0.4569000000174128,0
2500,ޥބޛސ ޠޅސޔ,negative_dhivehi,6,0.5050999999980377,0
2500,ޥބޛސ ޠޅސޔ,negative_dhivehi,7,0.5061000000523563,0
2500,ޥބޛސ ޠޅސޔ,negative_dhivehi,8,0.45370000003686073,0
2500,ޥބޛސ ޠޅސޔ,negative_dhivehi,9,0.49169999999776337,0
2500,ޥބޛސ ޠޅސޔ,negative_dhivehi,10,0.46739999999090287,0
2500,ޥބޛސ ޠޅސޔ,negative_dhivehi,11,0.47319999998762796,0
2500,ޥބޛސ ޠޅސޔ,negative_dhivehi,12,0.49880000000257496,0
2500,ޥބޛސ ޠޅސޔ,negative_dhivehi,13,0.47790000002123634,0
2500,ޥބޛސ ޠޅސޔ,negative_dhivehi,14,0.4647000000090884,0
2500,ޥބޛސ ޠޅސޔ,negative_dhivehi,15,0.45860000000175205,0
2500,ޥބޛސ ޠޅސޔ,negative_dhivehi,16,0.4857000000129119,0
2500,ޥބޛސ ޠޅސޔ,negative_dhivehi,17,0.4978999999707412,0
2500,ޥބޛސ ޠޅސޔ,negative_dhivehi,18,0.7946000000060849,0
2500,ޥބޛސ ޠޅސޔ,negative_dhivehi,19,0.5451000000107342,0
2500,ޕފޑޘ ޖޠޞޏފޓ,negative_dhivehi,0,0.4845999999929518,0
2500,ޕފޑޘ ޖޠޞޏފޓ,negative_dhivehi,1,0.41580000004159956,0
2500,ޕފޑޘ ޖޠޞޏފޓ,negative_dhivehi,2,0.37919999999758147,0
2500,ޕފޑޘ ޖޠޞޏފޓ,negative_dhivehi,3,0.38260000002310335,0
2500,ޕފޑޘ ޖޠޞޏފޓ,negative_dhivehi,4,0.417999999967833,0
2500,ޕފޑޘ ޖޠޞޏފޓ,negative_dhivehi,5,0.4124000000160777,0
2500,ޕފޑޘ ޖޠޞޏފޓ,negative_dhivehi,6,0.37760000003572713,0
2500,ޕފޑޘ ޖޠޞޏފޓ,negative_dhivehi,7,0.3828999999768712,0
2500,ޕފޑޘ ޖޠޞޏފޓ,negative_dhivehi,8,0.40930000000116706,0
2500,ޕފޑޘ ޖޠޞޏފޓ,negative_dhivehi,9,0.4180999999903179,0
2500,ޕފޑޘ ޖޠޞޏފޓ,negative_dhivehi,10,0.4082999999468484,0
2500,ޕފޑޘ ޖޠޞޏފޓ,negative_dhivehi,11,0.36850000003596506,0
2500,ޕފޑޘ ޖޠޞޏފޓ,negative_dhivehi,12,0.3947999999809326,0
2500,ޕފޑޘ ޖޠޞޏފޓ,negative_dhivehi,13,0.36649999998417115,0
2500,ޕފޑޘ ޖޠޞޏފޓ,negative_dhivehi,14,0.4222999999683452,0
2500,ޕފޑޘ ޖޠޞޏފޓ,negative_dhivehi,15,0.3868000000011307,0
2500,ޕފޑޘ ޖޠޞޏފޓ,negative_dhivehi,16,0.3585999999700107,0
2500,ޕފޑޘ ޖޠޞޏފޓ,negative_dhivehi,17,0.3822000000468506,0
2500,ޕފޑޘ ޖޠޞޏފޓ,negative_dhivehi,18,0.35829999995939943,0
2500,ޕފޑޘ ޖޠޞޏފޓ,negative_dhivehi,19,0.35320000000638174,0
2500,ޑޕސޕ,negative_dhivehi,0,0.32640000000583314,0
2500,ޑޕސޕ,negative_dhivehi,1,0.28529999997317645,0
2500,ޑޕސޕ,negative_dhivehi,2,0.2761999999734144,0
2500,ޑޕސޕ,negative_dhivehi,3,0.3059999999663887,0
2500,ޑޕސޕ,negative_dhivehi,4,0.2997999999934109,0
2500,ޑޕސޕ,negative_dhivehi,5,0.2810999999951491,0
2500,ޑޕސޕ,negative_dhivehi,6,0.3394999999954962,0
2500,ޑޕސޕ,negative_dhivehi,7,0.2939999999966858,0
2500,ޑޕސޕ,negative_dhivehi,8,0.28019999996331535,0
2500,ޑޕސޕ,negative_dhivehi,9,0.2749000000221713,0
2500,ޑޕސޕ,negative_dhivehi,10,0.2754999999865504,0
2500,ޑޕސޕ,negative_dhivehi,11,0.29369999998607454,0
2500,ޑޕސޕ,negative_dhivehi,12,0.2959000000259948,0
2500,ޑޕސޕ,negative_dhivehi,13,0.29289999997672567,0
2500,ޑޕސޕ,negative_dhivehi,14,0.29360000002043307,0
2500,ޑޕސޕ,negative_dhivehi,15,0.27640000001838416,0
2500,ޑޕސޕ,negative_dhivehi,16,0.2758999999628031,0
2500,ޑޕސޕ,negative_dhivehi,17,0.28649999995877806,0
2500,ޑޕސޕ,negative_dhivehi,18,0.275299999998424,0
2500,ޑޕސޕ,negative_dhivehi,19,0.2966999999785003,0
2500,ޛށޝޛލ ޢގހޔމހ,negative_dhivehi,0,0.591499999984535,0
2500,ޛށޝޛލ ޢގހޔމހ,negative_dhivehi,1,0.6258000000229913,0
2500,ޛށޝޛލ ޢގހޔމހ,negative_dhivehi,2,0.5730999999968844,0
2500,ޛށޝޛލ ޢގހޔމހ,negative_dhivehi,3,0.7132999999726053,0
2500,ޛށޝޛލ ޢގހޔމހ,negative_dhivehi,4,0.583500000004733,0
2500,ޛށޝޛލ ޢގހޔމހ,negative_dhivehi,5,0.5910000000426407,0
2500,ޛށޝޛލ ޢގހޔމހ,negative_dhivehi,6,0.6531000000222775,0
2500,ޛށޝޛލ ޢގހޔމހ,negative_dhivehi,7,0.5699999999819738,0
2500,ޛށޝޛލ ޢގހޔމހ,negative_dhivehi,8,0.540100000023358,0
2500,ޛށޝޛލ ޢގހޔމހ,negative_dhivehi,9,0.5616999999915606,0
2500,ޛށޝޛލ ޢގހޔމހ,negative_dhivehi,10,0.5979000000024826,0
2500,ޛށޝޛލ ޢގހޔމހ,negative_dhivehi,11,0.5378999999834377,0
2500,ޛށޝޛލ ޢގހޔމހ,negative_dhivehi,12,0.5318999999985863,0
2500,ޛށޝޛލ ޢގހޔމހ,negative_dhivehi,13,0.6195999999931701,0
2500,ޛށޝޛލ ޢގހޔމހ,negative_dhivehi,14,0.550599999996848,0
2500,ޛށޝޛލ ޢގހޔމހ,negative_dhivehi,15,0.5568999999923108,0
2500,ޛށޝޛލ ޢގހޔމހ,negative_dhivehi,16,0.5297000000155094,0
2500,ޛށޝޛލ ޢގހޔމހ,negative_dhivehi,17,0.596000000030017,0
2500,ޛށޝޛލ ޢގހޔމހ,negative_dhivehi,18,0.5346000000372442,0
2500,ޛށޝޛލ ޢގހޔމހ,negative_dhivehi,19,1.0305999999786764,0
2500,ވޘއހޜޅ ވޡޗޓފޏ,negative_dhivehi,0,0.48219999996490515,0
2500,ވޘއހޜޅ ވޡޗޓފޏ,negative_dhivehi,1,0.40029999996704646,0
2500,ވޘއހޜޅ ވޡޗޓފޏ,negative_dhivehi,2,0.43249999998806743,0
2500,ވޘއހޜޅ ވޡޗޓފޏ,negative_dhivehi,3,0.37430000003269015,0
2500,ވޘއހޜޅ ވޡޗޓފޏ,negative_dhivehi,4,0.3879999999867323,0
2500,ވޘއހޜޅ ވޡޗޓފޏ,negative_dhivehi,5,0.40180000002010274,0
2500,ވޘއހޜޅ ވޡޗޓފޏ,negative_dhivehi,6,0.3598000000124557,0
2500,ވޘއހޜޅ ވޡޗޓފޏ,negative_dhivehi,7,0.42550000000574073,0
2500,ވޘއހޜޅ ވޡޗޓފޏ,negative_dhivehi,8,0.47470000004068424,0
2500,ވޘއހޜޅ ވޡޗޓފޏ,negative_dhivehi,9,0.7464999999911015,0
2500,ވޘއހޜޅ ވޡޗޓފޏ,negative_dhivehi,10,0.6967999999574204,0
2500,ވޘއހޜޅ ވޡޗޓފޏ,negative_dhivehi,11,0.6151000000045315,0
2500,ވޘއހޜޅ ވޡޗޓފޏ,negative_dhivehi,12,0.43759999999792853,0
2500,ވޘއހޜޅ ވޡޗޓފޏ,negative_dhivehi,13,0.38639999996803454,0
2500,ވޘއހޜޅ ވޡޗޓފޏ,negative_dhivehi,14,0.3645000000460641,0
2500,ވޘއހޜޅ ވޡޗޓފޏ,negative_dhivehi,15,0.4582000000254993,0
2500,ވޘއހޜޅ ވޡޗޓފޏ,negative_dhivehi,16,0.3719000000046435,0
2500,ވޘއހޜޅ ވޡޗޓފޏ,negative_dhivehi,17,0.45419999997875493,0
2500,ވޘއހޜޅ ވޡޗޓފޏ,negative_dhivehi,18,0.3841999999849577,0
2500,ވޘއހޜޅ ވޡޗޓފޏ,negative_dhivehi,19,0.36210000001801745,0
2500,ޔޓޘލ,negative_dhivehi,0,0.3608999999755724,0
2500,ޔޓޘލ,negative_dhivehi,1,0.30600000002323213,0
2500,ޔޓޘލ,negative_dhivehi,2,0.2902000000517546,0
2500,ޔޓޘލ,negative_dhivehi,3,0.29609999995727776,0
2500,ޔޓޘލ,negative_dhivehi,4,0.2822999999807507,0
2500,ޔޓޘލ,negative_dhivehi,5,0.3126999999949476,0
2500,ޔޓޘލ,negative_dhivehi,6,0.28480000003128225,0
2500,ޔޓޘލ,negative_dhivehi,7,0.35500000001320586,0
2500,ޔޓޘލ,negative_dhivehi,8,0.34670000002279266,0
2500,ޔޓޘލ,negative_dhivehi,9,0.29499999999416104,0
2500,ޔޓޘލ,negative_dhivehi,10,0.31100000001060835,0
2500,ޔޓޘލ,negative_dhivehi,11,0.2985000000421678,0
2500,ޔޓޘލ,negative_dhivehi,12,0.30900000001565786,0
2500,ޔޓޘލ,negative_dhivehi,13,0.31150000000934597,0
2500,ޔޓޘލ,negative_dhivehi,14,0.3139000000373926,0
2500,ޔޓޘލ,negative_dhivehi,15,0.3330000000119071,0
2500,ޔޓޘލ,negative_dhivehi,16,0.2883999999880871,0
2500,ޔޓޘލ,negative_dhivehi,17,0.28159999999388674,0
2500,ޔޓޘލ,negative_dhivehi,18,0.3476999999634245,0
2500,ޔޓޘލ,negative_dhivehi,19,0.4397999999810054,0
2500,ޙޣޅލޔޑ ޣޞސލދ,negative_dhivehi,0,0.6278999999835833,0
2500,ޙޣޅލޔޑ ޣޞސލދ,negative_dhivehi,1,0.5116000000384702,0
2500,ޙޣޅލޔޑ ޣޞސލދ,negative_dhivehi,2,0.5163000000152351,0
2500,ޙޣޅލޔޑ ޣޞސލދ,negative_dhivehi,3,0.47269999998889034,0
2500,ޙޣޅލޔޑ ޣޞސލދ,negative_dhivehi,4,0.5317000000104599,0
2500,ޙޣޅލޔޑ ޣޞސލދ,negative_dhivehi,5,0.5148000000190223,0
2500,ޙޣޅލޔޑ ޣޞސލދ,negative_dhivehi,6,0.471100000027036,0
2500,ޙޣޅލޔޑ ޣޞސލދ,negative_dhivehi,7,0.7654000000343331,0
2500,ޙޣޅލޔޑ ޣޞސލދ,negative_dhivehi,8,0.6746000000248387,0
2500,ޙޣޅލޔޑ ޣޞސލދ,negative_dhivehi,9,0.49949999998943895,0
2500,ޙޣޅލޔޑ ޣޞސލދ,negative_dhivehi,10,0.7080999999971027,0
2500,ޙޣޅލޔޑ ޣޞސލދ,negative_dhivehi,11,0.6023000000254797,0
2500,ޙޣޅލޔޑ ޣޞސލދ,negative_dhivehi,12,0.5304000000023734,0
2500,ޙޣޅލޔޑ ޣޞސލދ,negative_dhivehi,13,0.7472000000348089,0
2500,ޙޣޅލޔޑ ޣޞސލދ,negative_dhivehi,14,0.6530999999654341,0
2500,ޙޣޅލޔޑ ޣޞސލދ,negative_dhivehi,15,0.6022000000029948,0
2500,ޙޣޅލޔޑ ޣޞސލދ,negative_dhivehi,16,0.5600000000072214,0
2500,ޙޣޅލޔޑ ޣޞސލދ,negative_dhivehi,17,0.5060000000298714,0
2500,ޙޣޅލޔޑ ޣޞސލދ,negative_dhivehi,18,0.7793999999989865,0
2500,ޙޣޅލޔޑ ޣޞސލދ,negative_dhivehi,19,0.560500000005959,0
2500,ޝއނފމ ޙޅޗޘ,negative_dhivehi,0,0.46229999998104176,0
2500,ޝއނފމ ޙޅޗޘ,negative_dhivehi,1,0.45860000000175205,0
2500,ޝއނފމ ޙޅޗޘ,negative_dhivehi,2,0.4109999999855063,0
2500,ޝއނފމ ޙޅޗޘ,negative_dhivehi,3,0.43060000001560184,0
2500,ޝއނފމ ޙޅޗޘ,negative_dhivehi,4,0.3826999999887448,0
2500,ޝއނފމ ޙޅޗޘ,negative_dhivehi,5,0.4150000000322507,0
2500,ޝއނފމ ޙޅޗޘ,negative_dhivehi,6,0.4129000000148153,0
2500,ޝއނފމ ޙޅޗޘ,negative_dhivehi,7,0.38130000001501685,0
2500,ޝއނފމ ޙޅޗޘ,negative_dhivehi,8,0.3757000000064181,0
2500,ޝއނފމ ޙޅޗޘ,negative_dhivehi,9,0.3644000000235792,0
2500,ޝއނފމ ޙޅޗޘ,negative_dhivehi,10,0.4004999999551728,0
2500,ޝއނފމ ޙޅޗޘ,negative_dhivehi,11,0.39920000000392974,0
2500,ޝއނފމ ޙޅޗޘ,negative_dhivehi,12,0.3948999999465741,0
2500,ޝއނފމ ޙޅޗޘ,negative_dhivehi,13,0.3644000000235792,0
2500,ޝއނފމ ޙޅޗޘ,negative_dhivehi,14,0.3522000000089065,0
2500,ޝއނފމ ޙޅޗޘ,negative_dhivehi,15,0.4365000000348118,0
2500,ޝއނފމ ޙޅޗޘ,negative_dhivehi,16,0.42270000000144137,0
2500,ޝއނފމ ޙޅޗޘ,negative_dhivehi,17,0.38840000001982844,0
2500,ޝއނފމ ޙޅޗޘ,negative_dhivehi,18,0.5049000000099113,0
2500,ޝއނފމ ޙޅޗޘ,negative_dhivehi,19,0.39139999995541075,0
5000,data,single_term,0,228.87480000002824,20
5000,data,single_term,1,226.81749999998146,20
5000,data,single_term,2,229.3270999999777,20
5000,data,single_term,3,227.28919999997288,20
5000,data,single_term,4,228.5021999999799,20
5000,data,single_term,5,224.8576000000071,20
5000,data,single_term,6,232.88210000004028,20
5000,data,single_term,7,227.18979999996236,20
5000,data,single_term,8,228.7787999999864,20
5000,data,single_term,9,227.93990000002395,20
5000,data,single_term,10,226.62919999999076,20
5000,data,single_term,11,229.02559999999994,20
5000,data,single_term,12,225.63139999999748,20
5000,data,single_term,13,230.61400000000276,20
5000,data,single_term,14,228.47159999997757,20
5000,data,single_term,15,230.13930000001892,20
5000,data,single_term,16,226.45860000000084,20
5000,data,single_term,17,229.88820000000487,20
5000,data,single_term,18,227.68429999996442,20
5000,data,single_term,19,229.38949999996794,20
5000,annual report,phrase,0,206.46429999999327,20
5000,annual report,phrase,1,204.20869999998104,20
5000,annual report,phrase,2,201.35669999996253,20
5000,annual report,phrase,3,201.20109999999158,20
5000,annual report,phrase,4,200.5965000000174,20
5000,annual report,phrase,5,198.72399999997015,20
5000,annual report,phrase,6,198.00040000001218,20
5000,annual report,phrase,7,200.30450000001565,20
5000,annual report,phrase,8,201.45539999998618,20
5000,annual report,phrase,9,202.39309999999477,20
5000,annual report,phrase,10,197.91620000000876,20
5000,annual report,phrase,11,203.2425000000444,20
5000,annual report,phrase,12,203.81299999996827,20
5000,annual report,phrase,13,202.56899999998268,20
5000,annual report,phrase,14,199.65030000003026,20
5000,annual report,phrase,15,199.8743999999988,20
5000,annual report,phrase,16,196.66690000002518,20
5000,annual report,phrase,17,200.99079999999958,20
5000,annual report,phrase,18,206.55770000001894,20
5000,annual report,phrase,19,199.93210000001227,20
5000,000,filename_prefix,0,30.68210000003546,20
5000,000,filename_prefix,1,17.062300000020514,20
5000,000,filename_prefix,2,13.302399999986392,20
5000,000,filename_prefix,3,12.952799999993658,20
5000,000,filename_prefix,4,13.172100000019782,20
5000,000,filename_prefix,5,13.021600000001854,20
5000,000,filename_prefix,6,13.206099999990784,20
5000,000,filename_prefix,7,12.850999999955093,20
5000,000,filename_prefix,8,13.215699999989283,20
5000,000,filename_prefix,9,13.125699999989138,20
5000,000,filename_prefix,10,13.555999999994128,20
5000,000,filename_prefix,11,13.353699999981927,20
5000,000,filename_prefix,12,13.350100000025122,20
5000,000,filename_prefix,13,13.119499999959316,20
5000,000,filename_prefix,14,13.181399999950827,20
5000,000,filename_prefix,15,13.624800000002324,20
5000,000,filename_prefix,16,13.944999999978336,20
5000,000,filename_prefix,17,14.123600000004899,20
5000,000,filename_prefix,18,14.087099999983366,20
5000,000,filename_prefix,19,13.926900000001297,20
5000,ދިވެހި,dhivehi,0,1.1454000000412634,0
5000,ދިވެހި,dhivehi,1,0.2857999999719141,0
5000,ދިވެހި,dhivehi,2,0.2526000000102613,0
5000,ދިވެހި,dhivehi,3,0.210299999992003,0
5000,ދިވެހި,dhivehi,4,0.19659999998111743,0
5000,ދިވެހި,dhivehi,5,0.18430000000080327,0
5000,ދިވެހި,dhivehi,6,0.17619999999851643,0
5000,ދިވެހި,dhivehi,7,0.23060000000896252,0
5000,ދިވެހި,dhivehi,8,0.19589999999425345,0
5000,ދިވެހި,dhivehi,9,0.18769999996948172,0
5000,ދިވެހި,dhivehi,10,0.17280000002983797,0
5000,ދިވެހި,dhivehi,11,0.16800000003058813,0
5000,ދިވެހި,dhivehi,12,0.19800000001168883,0
5000,ދިވެހި,dhivehi,13,0.2077999999983149,0
5000,ދިވެހި,dhivehi,14,0.20810000000892614,0
5000,ދިވެހި,dhivehi,15,0.1809000000321248,0
5000,ދިވެހި,dhivehi,16,0.1826999999821055,0
5000,ދިވެހި,dhivehi,17,0.1973999999904663,0
5000,ދިވެހި,dhivehi,18,0.20380000000841392,0
5000,ދިވެހި,dhivehi,19,0.18259999995962062,0
5000,qyzzlephtn,negative_term,0,0.6844999999771062,0
5000,qyzzlephtn,negative_term,1,0.25229999999965,0
5000,qyzzlephtn,negative_term,2,0.22999999998774,0
5000,qyzzlephtn,negative_term,3,0.2046000000177628,0
5000,qyzzlephtn,negative_term,4,0.17550000001165245,0
5000,qyzzlephtn,negative_term,5,0.1733000000285756,0
5000,qyzzlephtn,negative_term,6,0.19490000005362162,0
5000,qyzzlephtn,negative_term,7,0.1718999999980042,0
5000,qyzzlephtn,negative_term,8,0.17109999998865533,0
5000,qyzzlephtn,negative_term,9,0.1654999999800566,0
5000,qyzzlephtn,negative_term,10,0.1561000000265267,0
5000,qyzzlephtn,negative_term,11,0.15710000002400193,0
5000,qyzzlephtn,negative_term,12,0.15039999999544307,0
5000,qyzzlephtn,negative_term,13,0.16319999997449486,0
5000,qyzzlephtn,negative_term,14,0.17929999995658363,0
5000,qyzzlephtn,negative_term,15,0.19269999995685794,0
5000,qyzzlephtn,negative_term,16,0.16759999999749198,0
5000,qyzzlephtn,negative_term,17,0.16309999995200997,0
5000,qyzzlephtn,negative_term,18,0.29250000000047294,0
5000,qyzzlephtn,negative_term,19,0.23180000005140755,0
5000,drubblixqwo,negative_term,0,0.3310999999825981,0
5000,drubblixqwo,negative_term,1,0.21500000002561137,0
5000,drubblixqwo,negative_term,2,0.18740000001571389,0
5000,drubblixqwo,negative_term,3,0.18080000000963992,0
5000,drubblixqwo,negative_term,4,0.1752000000010412,0
5000,drubblixqwo,negative_term,5,0.1993999999854168,0
5000,drubblixqwo,negative_term,6,0.20440000002963643,0
5000,drubblixqwo,negative_term,7,0.17750000000660293,0
5000,drubblixqwo,negative_term,8,0.1656000000025415,0
5000,drubblixqwo,negative_term,9,0.15760000002273955,0
5000,drubblixqwo,negative_term,10,0.1541000000315762,0
5000,drubblixqwo,negative_term,11,0.2261999999859654,0
5000,drubblixqwo,negative_term,12,0.2627999999731401,0
5000,drubblixqwo,negative_term,13,0.2084000000195374,0
5000,drubblixqwo,negative_term,14,0.1879000000144515,0
5000,drubblixqwo,negative_term,15,0.17619999999851643,0
5000,drubblixqwo,negative_term,16,0.2699000000347951,0
5000,drubblixqwo,negative_term,17,0.2056999999808795,0
5000,drubblixqwo,negative_term,18,0.1801999999884174,0
5000,drubblixqwo,negative_term,19,0.1667999999881431,0
5000,wkxzploom,negative_term,0,0.8655000000317159,0
5000,wkxzploom,negative_term,1,0.3476999999634245,0
5000,wkxzploom,negative_term,2,0.5815000000097825,0
5000,wkxzploom,negative_term,3,0.3963999999996304,0
5000,wkxzploom,negative_term,4,0.5757999999786989,0
5000,wkxzploom,negative_term,5,0.3904000000147789,0
5000,wkxzploom,negative_term,6,0.34360000000788204,0
5000,wkxzploom,negative_term,7,0.31909999995605176,0
5000,wkxzploom,negative_term,8,0.3126000000293061,0
5000,wkxzploom,negative_term,9,0.3385999999636624,0
5000,wkxzploom,negative_term,10,0.2934000000323067,0
5000,wkxzploom,negative_term,11,0.2824999999688771,0
5000,wkxzploom,negative_term,12,0.3092999999694257,0
5000,wkxzploom,negative_term,13,0.29260000002295783,0
5000,wkxzploom,negative_term,14,0.33280000002378074,0
5000,wkxzploom,negative_term,15,0.28609999998252533,0
5000,wkxzploom,negative_term,16,0.3462999999896965,0
5000,wkxzploom,negative_term,17,0.3138999999805492,0
5000,wkxzploom,negative_term,18,0.2920000000017353,0
5000,wkxzploom,negative_term,19,0.35120000001143126,0
5000,fjordplinthqux,negative_term,0,0.7155000000125256,0
5000,fjordplinthqux,negative_term,1,0.3257999999846106,0
5000,fjordplinthqux,negative_term,2,0.21839999999428983,0
5000,fjordplinthqux,negative_term,3,0.19199999996999395,0
5000,fjordplinthqux,negative_term,4,0.1745000000141772,0
5000,fjordplinthqux,negative_term,5,0.1738999999929547,0
5000,fjordplinthqux,negative_term,6,0.17050000002427623,0
5000,fjordplinthqux,negative_term,7,0.17220000000861546,0
5000,fjordplinthqux,negative_term,8,0.18330000000332802,0
5000,fjordplinthqux,negative_term,9,0.21419999995941907,0
5000,fjordplinthqux,negative_term,10,0.18689999996013285,0
5000,fjordplinthqux,negative_term,11,0.31849999999167267,0
5000,fjordplinthqux,negative_term,12,0.21570000001247536,0
5000,fjordplinthqux,negative_term,13,0.17420000000356595,0
5000,fjordplinthqux,negative_term,14,0.16020000003891255,0
5000,fjordplinthqux,negative_term,15,0.15809999996463375,0
5000,fjordplinthqux,negative_term,16,0.15380000002096494,0
5000,fjordplinthqux,negative_term,17,0.18820000002506276,0
5000,fjordplinthqux,negative_term,18,0.18069999998715502,0
5000,fjordplinthqux,negative_term,19,0.16720000002123925,0
5000,jvqxbreel,negative_term,0,0.394299999982195,0
5000,jvqxbreel,negative_term,1,0.23160000000643777,0
5000,jvqxbreel,negative_term,2,0.19470000000865184,0
5000,jvqxbreel,negative_term,3,0.1821999999833679,0
5000,jvqxbreel,negative_term,4,0.16970000001492735,0
5000,jvqxbreel,negative_term,5,0.19479999997429331,0
5000,jvqxbreel,negative_term,6,0.17279999997299456,0
5000,jvqxbreel,negative_term,7,0.15750000000025466,0
5000,jvqxbreel,negative_term,8,0.17269999995050966,0
5000,jvqxbreel,negative_term,9,0.16379999999571737,0
5000,jvqxbreel,negative_term,10,0.15690000003587556,0
5000,jvqxbreel,negative_term,11,0.29419999998481217,0
5000,jvqxbreel,negative_term,12,0.2787000000239459,0
5000,jvqxbreel,negative_term,13,0.22379999995791877,0
5000,jvqxbreel,negative_term,14,0.18619999997326886,0
5000,jvqxbreel,negative_term,15,0.2082999999970525,0
5000,jvqxbreel,negative_term,16,0.17880000001468943,0
5000,jvqxbreel,negative_term,17,0.18679999999449137,0
5000,jvqxbreel,negative_term,18,0.1733000000285756,0
5000,jvqxbreel,negative_term,19,0.1649000000156775,0
5000,vmblargwex,negative_term,0,0.5962999999837848,0
5000,vmblargwex,negative_term,1,0.44249999996281986,0
5000,vmblargwex,negative_term,2,0.5170000000020991,0
5000,vmblargwex,negative_term,3,0.3580000000056316,0
5000,vmblargwex,negative_term,4,0.38899999998420753,0
5000,vmblargwex,negative_term,5,0.31360000002678134,0
5000,vmblargwex,negative_term,6,0.3422000000341541,0
5000,vmblargwex,negative_term,7,0.4370999999991909,0
5000,vmblargwex,negative_term,8,0.3565000000094187,0
5000,vmblargwex,negative_term,9,0.33189999999194697,0
5000,vmblargwex,negative_term,10,0.4412000000115768,0
5000,vmblargwex,negative_term,11,0.36790000001474255,0
5000,vmblargwex,negative_term,12,0.37610000003951427,0
5000,vmblargwex,negative_term,13,0.3178000000048087,0
5000,vmblargwex,negative_term,14,0.29690000002347006,0
5000,vmblargwex,negative_term,15,0.46750000001338776,0
5000,vmblargwex,negative_term,16,0.35250000001951776,0
5000,vmblargwex,negative_term,17,0.32699999997021223,0
5000,vmblargwex,negative_term,18,0.32509999999774664,0
5000,vmblargwex,negative_term,19,0.3054000000020096,0
5000,ploxxundriq,negative_term,0,0.563800000008996,0
5000,ploxxundriq,negative_term,1,0.20660000001271328,0
5000,ploxxundriq,negative_term,2,0.18820000002506276,0
5000,ploxxundriq,negative_term,3,0.1771000000303502,0
5000,ploxxundriq,negative_term,4,0.16279999999824213,0
5000,ploxxundriq,negative_term,5,0.16369999997323248,0
5000,ploxxundriq,negative_term,6,0.15430000001970257,0
5000,ploxxundriq,negative_term,7,0.16599999997879422,0
5000,ploxxundriq,negative_term,8,0.17550000001165245,0
5000,ploxxundriq,negative_term,9,0.2121999999644686,0
5000,ploxxundriq,negative_term,10,0.16900000002806337,0
5000,ploxxundriq,negative_term,11,0.16030000000455402,0
5000,ploxxundriq,negative_term,12,0.1520999999797823,0
5000,ploxxundriq,negative_term,13,0.1553000000171778,0
5000,ploxxundriq,negative_term,14,0.16569999996818296,0
5000,ploxxundriq,negative_term,15,0.166200000023764,0
5000,ploxxundriq,negative_term,16,0.1560000000040418,0
5000,ploxxundriq,negative_term,17,0.15809999996463375,0
5000,ploxxundriq,negative_term,18,0.15010000004167523,0
5000,ploxxundriq,negative_term,19,0.1522000000022672,0
5000,grindlewqxz,negative_term,0,0.2020000000015898,0
5000,grindlewqxz,negative_term,1,0.2123000000437969,0
5000,grindlewqxz,negative_term,2,0.18460000001141452,0
5000,grindlewqxz,negative_term,3,0.16600000003563764,0
5000,grindlewqxz,negative_term,4,0.1567000000477492,0
5000,grindlewqxz,negative_term,5,0.15300000001161607,0
5000,grindlewqxz,negative_term,6,0.15000000001919034,0
5000,grindlewqxz,negative_term,7,0.166200000023764,0
5000,grindlewqxz,negative_term,8,0.15679999995654725,0
5000,grindlewqxz,negative_term,9,0.15130000002727684,0
5000,grindlewqxz,negative_term,10,0.15000000001919034,0
5000,grindlewqxz,negative_term,11,0.26359999998248895,0
5000,grindlewqxz,negative_term,12,0.2514000000246597,0
5000,grindlewqxz,negative_term,13,0.20890000001827502,0
5000,grindlewqxz,negative_term,14,0.20169999999097854,0
5000,grindlewqxz,negative_term,15,0.18900000003441164,0
5000,grindlewqxz,negative_term,16,0.21110000000135187,0
5000,grindlewqxz,negative_term,17,0.17610000003287496,0
5000,grindlewqxz,negative_term,18,0.16249999998763087,0
5000,grindlewqxz,negative_term,19,0.20530000000462678,0
5000,qwxztheronik,negative_term,0,0.3298999999969965,0
5000,qwxztheronik,negative_term,1,0.3113999999868611,0
5000,qwxztheronik,negative_term,2,0.32179999999470965,0
5000,qwxztheronik,negative_term,3,0.2946000000179083,0
5000,qwxztheronik,negative_term,4,0.34169999997857303,0
5000,qwxztheronik,negative_term,5,0.3894000000173037,0
5000,qwxztheronik,negative_term,6,0.6346000000121421,0
5000,qwxztheronik,negative_term,7,0.3670000000397522,0
5000,qwxztheronik,negative_term,8,0.5421000000183085,0
5000,qwxztheronik,negative_term,9,0.4045000000019172,0
5000,qwxztheronik,negative_term,10,0.536800000020321,0
5000,qwxztheronik,negative_term,11,0.4058999999756452,0
5000,qwxztheronik,negative_term,12,0.5283000000417815,0
5000,qwxztheronik,negative_term,13,0.7259000000203741,0
5000,qwxztheronik,negative_term,14,0.504700000021785,0
5000,qwxztheronik,negative_term,15,0.41280000004917383,0
5000,qwxztheronik,negative_term,16,0.6343000000015309,0
5000,qwxztheronik,negative_term,17,0.5161000000271088,0
5000,qwxztheronik,negative_term,18,0.3695000000334403,0
5000,qwxztheronik,negative_term,19,0.3836000000205786,0
5000,kangaroo marsupial pouch,negative_phrase,0,0.4900999999790656,0
5000,kangaroo marsupial pouch,negative_phrase,1,0.6093000000078064,0
5000,kangaroo marsupial pouch,negative_phrase,2,0.5774999999630381,0
5000,kangaroo marsupial pouch,negative_phrase,3,0.46609999998281637,0
5000,kangaroo marsupial pouch,negative_phrase,4,0.4786000000081003,0
5000,kangaroo marsupial pouch,negative_phrase,5,0.4615000000285363,0
5000,kangaroo marsupial pouch,negative_phrase,6,0.45469999997749255,0
5000,kangaroo marsupial pouch,negative_phrase,7,0.44949999994514656,0
5000,kangaroo marsupial pouch,negative_phrase,8,0.4438000000277498,0
5000,kangaroo marsupial pouch,negative_phrase,9,0.4326000000105523,0
5000,kangaroo marsupial pouch,negative_phrase,10,0.4073000000062166,0
5000,kangaroo marsupial pouch,negative_phrase,11,0.5550999999854866,0
5000,kangaroo marsupial pouch,negative_phrase,12,0.4276000000231761,0
5000,kangaroo marsupial pouch,negative_phrase,13,0.4481999999939035,0
5000,kangaroo marsupial pouch,negative_phrase,14,0.5208000000038737,0
5000,kangaroo marsupial pouch,negative_phrase,15,0.421800000026451,0
5000,kangaroo marsupial pouch,negative_phrase,16,0.4693000000202119,0
5000,kangaroo marsupial pouch,negative_phrase,17,0.5079999999679785,0
5000,kangaroo marsupial pouch,negative_phrase,18,0.4221000000370623,0
5000,kangaroo marsupial pouch,negative_phrase,19,0.498100000015711,0
5000,telescope nebula astronomy,negative_phrase,0,0.43370000003051246,0
5000,telescope nebula astronomy,negative_phrase,1,0.49439999997957784,0
5000,telescope nebula astronomy,negative_phrase,2,0.4301999999825057,0
5000,telescope nebula astronomy,negative_phrase,3,0.4301999999825057,0
5000,telescope nebula astronomy,negative_phrase,4,0.45920000002297456,0
5000,telescope nebula astronomy,negative_phrase,5,0.4366000000004533,0
5000,telescope nebula astronomy,negative_phrase,6,0.4609000000073138,0
5000,telescope nebula astronomy,negative_phrase,7,0.40229999996199695,0
5000,telescope nebula astronomy,negative_phrase,8,0.4715999999689302,0
5000,telescope nebula astronomy,negative_phrase,9,0.4064999999968677,0
5000,telescope nebula astronomy,negative_phrase,10,0.4211999999483851,0
5000,telescope nebula astronomy,negative_phrase,11,0.44280000003027453,0
5000,telescope nebula astronomy,negative_phrase,12,0.40510000002313973,0
5000,telescope nebula astronomy,negative_phrase,13,0.4705000000058135,0
5000,telescope nebula astronomy,negative_phrase,14,0.40500000000065484,0
5000,telescope nebula astronomy,negative_phrase,15,0.40039999998953135,0
5000,telescope nebula astronomy,negative_phrase,16,0.44709999997394334,0
5000,telescope nebula astronomy,negative_phrase,17,0.46509999998534113,0
5000,telescope nebula astronomy,negative_phrase,18,0.43490000001611406,0
5000,telescope nebula astronomy,negative_phrase,19,1.0813999999754742,0
5000,hummingbird nectar pollination,negative_phrase,0,0.6673999999975422,0
5000,hummingbird nectar pollination,negative_phrase,1,0.6837999999902422,0
5000,hummingbird nectar pollination,negative_phrase,2,0.7557000000133485,0
5000,hummingbird nectar pollination,negative_phrase,3,0.6200999999919077,0
5000,hummingbird nectar pollination,negative_phrase,4,0.7201999999892905,0
5000,hummingbird nectar pollination,negative_phrase,5,0.5242000000293956,0
5000,hummingbird nectar pollination,negative_phrase,6,0.4665000000159125,0
5000,hummingbird nectar pollination,negative_phrase,7,0.4970999999613923,0
5000,hummingbird nectar pollination,negative_phrase,8,0.5192999999508174,0
5000,hummingbird nectar pollination,negative_phrase,9,0.4511999999863292,0
5000,hummingbird nectar pollination,negative_phrase,10,0.43679999998857966,0
5000,hummingbird nectar pollination,negative_phrase,11,0.47710000001188746,0
5000,hummingbird nectar pollination,negative_phrase,12,0.42799999999942884,0
5000,hummingbird nectar pollination,negative_phrase,13,0.46419999995350736,0
5000,hummingbird nectar pollination,negative_phrase,14,0.5010000000424952,0
5000,hummingbird nectar pollination,negative_phrase,15,0.46879999996463084,0
5000,hummingbird nectar pollination,negative_phrase,16,0.7635999999706655,0
5000,hummingbird nectar pollination,negative_phrase,17,0.4898000000252978,0
5000,hummingbird nectar pollination,negative_phrase,18,0.6660999999894557,0
5000,hummingbird nectar pollination,negative_phrase,19,0.6127999999989697,0
5000,ޥބޛސ ޠޅސޔ,negative_dhivehi,0,0.6201999999575492,0
5000,ޥބޛސ ޠޅސޔ,negative_dhivehi,1,0.5219000000238339,0
5000,ޥބޛސ ޠޅސޔ,negative_dhivehi,2,0.5509000000074593,0
5000,ޥބޛސ ޠޅސޔ,negative_dhivehi,3,0.4992000000356711,0
5000,ޥބޛސ ޠޅސޔ,negative_dhivehi,4,0.502100000005612,0
5000,ޥބޛސ ޠޅސޔ,negative_dhivehi,5,0.48920000000407526,0
5000,ޥބޛސ ޠޅސޔ,negative_dhivehi,6,0.5156000000283711,0
5000,ޥބޛސ ޠޅސޔ,negative_dhivehi,7,0.4665000000159125,0
5000,ޥބޛސ ޠޅސޔ,negative_dhivehi,8,0.6379000000151791,0
5000,ޥބޛސ ޠޅސޔ,negative_dhivehi,9,0.6119000000239794,0
5000,ޥބޛސ ޠޅސޔ,negative_dhivehi,10,0.7013999999685439,0
5000,ޥބޛސ ޠޅސޔ,negative_dhivehi,11,0.6542999999510357,0
5000,ޥބޛސ ޠޅސޔ,negative_dhivehi,12,0.514500000008411,0
5000,ޥބޛސ ޠޅސޔ,negative_dhivehi,13,0.5525999999917985,0
5000,ޥބޛސ ޠޅސޔ,negative_dhivehi,14,0.5038999999555926,0
5000,ޥބޛސ ޠޅސޔ,negative_dhivehi,15,0.5636999999865111,0
5000,ޥބޛސ ޠޅސޔ,negative_dhivehi,16,0.4993000000013126,0
5000,ޥބޛސ ޠޅސޔ,negative_dhivehi,17,0.5429999999932988,0
5000,ޥބޛސ ޠޅސޔ,negative_dhivehi,18,0.47200000000202635,0
5000,ޥބޛސ ޠޅސޔ,negative_dhivehi,19,0.5010999999512933,0
5000,ޕފޑޘ ޖޠޞޏފޓ,negative_dhivehi,0,0.4571000000055392,0
5000,ޕފޑޘ ޖޠޞޏފޓ,negative_dhivehi,1,0.4478999999832922,0
5000,ޕފޑޘ ޖޠޞޏފޓ,negative_dhivehi,2,0.40760000001682783,0
5000,ޕފޑޘ ޖޠޞޏފޓ,negative_dhivehi,3,0.41520000002037705,0
5000,ޕފޑޘ ޖޠޞޏފޓ,negative_dhivehi,4,0.40050000001201624,0
5000,ޕފޑޘ ޖޠޞޏފޓ,negative_dhivehi,5,0.4355000000373366,0
5000,ޕފޑޘ ޖޠޞޏފޓ,negative_dhivehi,6,0.43690000001106455,0
5000,ޕފޑޘ ޖޠޞޏފޓ,negative_dhivehi,7,0.36779999999225765,0
5000,ޕފޑޘ ޖޠޞޏފޓ,negative_dhivehi,8,0.4437000000052649,0
5000,ޕފޑޘ ޖޠޞޏފޓ,negative_dhivehi,9,0.37929999996322294,0
5000,ޕފޑޘ ޖޠޞޏފޓ,negative_dhivehi,10,0.3599000000349406,0
5000,ޕފޑޘ ޖޠޞޏފޓ,negative_dhivehi,11,0.44780000001765075,0
5000,ޕފޑޘ ޖޠޞޏފޓ,negative_dhivehi,12,0.3733000000352149,0
5000,ޕފޑޘ ޖޠޞޏފޓ,negative_dhivehi,13,0.4066000000193526,0
5000,ޕފޑޘ ޖޠޞޏފޓ,negative_dhivehi,14,0.4203999999958796,0
5000,ޕފޑޘ ޖޠޞޏފޓ,negative_dhivehi,15,0.38250000000061846,0
5000,ޕފޑޘ ޖޠޞޏފޓ,negative_dhivehi,16,0.4609000000073138,0
5000,ޕފޑޘ ޖޠޞޏފޓ,negative_dhivehi,17,0.37550000001829176,0
5000,ޕފޑޘ ޖޠޞޏފޓ,negative_dhivehi,18,0.4549999999881038,0
5000,ޕފޑޘ ޖޠޞޏފޓ,negative_dhivehi,19,0.423200000000179,0
5000,ޑޕސޕ,negative_dhivehi,0,0.350200000013956,0
5000,ޑޕސޕ,negative_dhivehi,1,0.3757000000064181,0
5000,ޑޕސޕ,negative_dhivehi,2,0.31030000002374436,0
5000,ޑޕސޕ,negative_dhivehi,3,0.3065999999876112,0
5000,ޑޕސޕ,negative_dhivehi,4,0.3308999999944717,0
5000,ޑޕސޕ,negative_dhivehi,5,0.2856999999494292,0
5000,ޑޕސޕ,negative_dhivehi,6,0.28219999995826583,0
5000,ޑޕސޕ,negative_dhivehi,7,0.8940000000166037,0
5000,ޑޕސޕ,negative_dhivehi,8,0.4970999999613923,0
5000,ޑޕސޕ,negative_dhivehi,9,0.45240000002877423,0
5000,ޑޕސޕ,negative_dhivehi,10,0.3578999999831467,0
5000,ޑޕސޕ,negative_dhivehi,11,0.33909999996240003,0
5000,ޑޕސޕ,negative_dhivehi,12,0.3095000000143955,0
5000,ޑޕސޕ,negative_dhivehi,13,0.29699999998911153,0
5000,ޑޕސޕ,negative_dhivehi,14,0.3444999999828724,0
5000,ޑޕސޕ,negative_dhivehi,15,0.3788999999869702,0
5000,ޑޕސޕ,negative_dhivehi,16,0.4877000000078624,0
5000,ޑޕސޕ,negative_dhivehi,17,0.35189999999829524,0
5000,ޑޕސޕ,negative_dhivehi,18,0.3234000000134074,0
5000,ޑޕސޕ,negative_dhivehi,19,0.37370000001146764,0
5000,ޛށޝޛލ ޢގހޔމހ,negative_dhivehi,0,0.7689000000254964,0
5000,ޛށޝޛލ ޢގހޔމހ,negative_dhivehi,1,0.634700000034627,0
5000,ޛށޝޛލ ޢގހޔމހ,negative_dhivehi,2,0.6685000000175023,0
5000,ޛށޝޛލ ޢގހޔމހ,negative_dhivehi,3,0.6558999999697335,0
5000,ޛށޝޛލ ޢގހޔމހ,negative_dhivehi,4,0.6332000000384141,0
5000,ޛށޝޛލ ޢގހޔމހ,negative_dhivehi,5,0.6352999999990061,0
5000,ޛށޝޛލ ޢގހޔމހ,negative_dhivehi,6,0.5724000000100204,0
5000,ޛށޝޛލ ޢގހޔމހ,negative_dhivehi,7,0.6955999999718188,0
5000,ޛށޝޛލ ޢގހޔމހ,negative_dhivehi,8,0.6140000000414148,0
5000,ޛށޝޛލ ޢގހޔމހ,negative_dhivehi,9,0.6030000000123437,0
5000,ޛށޝޛލ ޢގހޔމހ,negative_dhivehi,10,0.5837000000497028,0
5000,ޛށޝޛލ ޢގހޔމހ,negative_dhivehi,11,0.5773000000317552,0
5000,ޛށޝޛލ ޢގހޔމހ,negative_dhivehi,12,0.5720999999994092,0
5000,ޛށޝޛލ ޢގހޔމހ,negative_dhivehi,13,0.5752000000143198,0
5000,ޛށޝޛލ ޢގހޔމހ,negative_dhivehi,14,0.584899999978461,0
5000,ޛށޝޛލ ޢގހޔމހ,negative_dhivehi,15,0.6287999999585736,0
5000,ޛށޝޛލ ޢގހޔމހ,negative_dhivehi,16,0.5516000000511667,0
5000,ޛށޝޛލ ޢގހޔމހ,negative_dhivehi,17,0.6746000000248387,0
5000,ޛށޝޛލ ޢގހޔމހ,negative_dhivehi,18,1.0859999999865977,0
5000,ޛށޝޛލ ޢގހޔމހ,negative_dhivehi,19,0.9362999999780186,0
5000,ވޘއހޜޅ ވޡޗޓފޏ,negative_dhivehi,0,0.579500000014832,0
5000,ވޘއހޜޅ ވޡޗޓފޏ,negative_dhivehi,1,0.4447000000027401,0
5000,ވޘއހޜޅ ވޡޗޓފޏ,negative_dhivehi,2,0.6012000000055195,0
5000,ވޘއހޜޅ ވޡޗޓފޏ,negative_dhivehi,3,0.49609999996391707,0
5000,ވޘއހޜޅ ވޡޗޓފޏ,negative_dhivehi,4,0.40940000002365196,0
5000,ވޘއހޜޅ ވޡޗޓފޏ,negative_dhivehi,5,0.6646999999588843,0
5000,ވޘއހޜޅ ވޡޗޓފޏ,negative_dhivehi,6,0.6482999999661843,0
5000,ވޘއހޜޅ ވޡޗޓފޏ,negative_dhivehi,7,0.6956999999943037,0
5000,ވޘއހޜޅ ވޡޗޓފޏ,negative_dhivehi,8,0.49169999999776337,0
5000,ވޘއހޜޅ ވޡޗޓފޏ,negative_dhivehi,9,0.4301000000168642,0
5000,ވޘއހޜޅ ވޡޗޓފޏ,negative_dhivehi,10,0.42419999999765423,0
5000,ވޘއހޜޅ ވޡޗޓފޏ,negative_dhivehi,11,0.5221999999776017,0
5000,ވޘއހޜޅ ވޡޗޓފޏ,negative_dhivehi,12,1.0662000000252192,0
5000,ވޘއހޜޅ ވޡޗޓފޏ,negative_dhivehi,13,0.792599999954291,0
5000,ވޘއހޜޅ ވޡޗޓފޏ,negative_dhivehi,14,0.4607999999848289,0
5000,ވޘއހޜޅ ވޡޗޓފޏ,negative_dhivehi,15,0.45999999997548,0
5000,ވޘއހޜޅ ވޡޗޓފޏ,negative_dhivehi,16,0.4150000000322507,0
5000,ވޘއހޜޅ ވޡޗޓފޏ,negative_dhivehi,17,0.5503999999518783,0
5000,ވޘއހޜޅ ވޡޗޓފޏ,negative_dhivehi,18,0.41710000004968606,0
5000,ވޘއހޜޅ ވޡޗޓފޏ,negative_dhivehi,19,0.42870000004313624,0
5000,ޔޓޘލ,negative_dhivehi,0,0.35830000001624285,0
5000,ޔޓޘލ,negative_dhivehi,1,0.35249999996267434,0
5000,ޔޓޘލ,negative_dhivehi,2,0.3259000000070955,0
5000,ޔޓޘލ,negative_dhivehi,3,0.2954000000272572,0
5000,ޔޓޘލ,negative_dhivehi,4,0.30200000003333116,0
5000,ޔޓޘލ,negative_dhivehi,5,0.40430000001379085,0
5000,ޔޓޘލ,negative_dhivehi,6,0.29680000000098516,0
5000,ޔޓޘލ,negative_dhivehi,7,0.3957000000127664,0
5000,ޔޓޘލ,negative_dhivehi,8,0.3917999999885069,0
5000,ޔޓޘލ,negative_dhivehi,9,0.3421000000116692,0
5000,ޔޓޘލ,negative_dhivehi,10,0.3174999999941974,0
5000,ޔޓޘލ,negative_dhivehi,11,0.30119999996713887,0
5000,ޔޓޘލ,negative_dhivehi,12,0.3500999999914711,0
5000,ޔޓޘލ,negative_dhivehi,13,0.33189999999194697,0
5000,ޔޓޘލ,negative_dhivehi,14,0.3339000000437409,0
5000,ޔޓޘލ,negative_dhivehi,15,0.3136999999924228,0
5000,ޔޓޘލ,negative_dhivehi,16,0.30650000002196975,0
5000,ޔޓޘލ,negative_dhivehi,17,0.300900000013371,0
5000,ޔޓޘލ,negative_dhivehi,18,0.42100000001710214,0
5000,ޔޓޘލ,negative_dhivehi,19,0.507900000002337,0
5000,ޙޣޅލޔޑ ޣޞސލދ,negative_dhivehi,0,0.5730999999968844,0
5000,ޙޣޅލޔޑ ޣޞސލދ,negative_dhivehi,1,0.7875000000012733,0
5000,ޙޣޅލޔޑ ޣޞސލދ,negative_dhivehi,2,0.6875000000263753,0
5000,ޙޣޅލޔޑ ޣޞސލދ,negative_dhivehi,3,0.5841000000259555,0
5000,ޙޣޅލޔޑ ޣޞސލދ,negative_dhivehi,4,0.7403000000181237,0
5000,ޙޣޅލޔޑ ޣޞސލދ,negative_dhivehi,5,0.6606000000033418,0
5000,ޙޣޅލޔޑ ޣޞސލދ,negative_dhivehi,6,0.530200000014247,0
5000,ޙޣޅލޔޑ ޣޞސލދ,negative_dhivehi,7,0.4832999999848653,0
5000,ޙޣޅލޔޑ ޣޞސލދ,negative_dhivehi,8,0.6725000000074033,0
5000,ޙޣޅލޔޑ ޣޞސލދ,negative_dhivehi,9,0.7750999999984742,0
5000,ޙޣޅލޔޑ ޣޞސލދ,negative_dhivehi,10,0.6486999999992804,0
5000,ޙޣޅލޔޑ ޣޞސލދ,negative_dhivehi,11,0.6270999999742344,0
5000,ޙޣޅލޔޑ ޣޞސލދ,negative_dhivehi,12,0.495499999999538,0
5000,ޙޣޅލޔޑ ޣޞސލދ,negative_dhivehi,13,0.47670000003563473,0
5000,ޙޣޅލޔޑ ޣޞސލދ,negative_dhivehi,14,0.5155999999715277,0
5000,ޙޣޅލޔޑ ޣޞސލދ,negative_dhivehi,15,0.4936000000270724,0
5000,ޙޣޅލޔޑ ޣޞސލދ,negative_dhivehi,16,0.5944999999769607,0
5000,ޙޣޅލޔޑ ޣޞސލދ,negative_dhivehi,17,0.5663999999683256,0
5000,ޙޣޅލޔޑ ޣޞސލދ,negative_dhivehi,18,0.5411000000208332,0
5000,ޙޣޅލޔޑ ޣޞސލދ,negative_dhivehi,19,0.559299999963514,0
5000,ޝއނފމ ޙޅޗޘ,negative_dhivehi,0,0.48680000003287205,0
5000,ޝއނފމ ޙޅޗޘ,negative_dhivehi,1,0.4961000000207605,0
5000,ޝއނފމ ޙޅޗޘ,negative_dhivehi,2,0.5130000000121981,0
5000,ޝއނފމ ޙޅޗޘ,negative_dhivehi,3,0.578900000050453,0
5000,ޝއނފމ ޙޅޗޘ,negative_dhivehi,4,0.7363999999938642,0
5000,ޝއނފމ ޙޅޗޘ,negative_dhivehi,5,0.4846000000497952,0
5000,ޝއނފމ ޙޅޗޘ,negative_dhivehi,6,0.8065999999757878,0
5000,ޝއނފމ ޙޅޗޘ,negative_dhivehi,7,0.4781000000093627,0
5000,ޝއނފމ ޙޅޗޘ,negative_dhivehi,8,0.4147999999872809,0
5000,ޝއނފމ ޙޅޗޘ,negative_dhivehi,9,0.6226000000424392,0
5000,ޝއނފމ ޙޅޗޘ,negative_dhivehi,10,0.5226000000106978,0
5000,ޝއނފމ ޙޅޗޘ,negative_dhivehi,11,0.5357000000003609,0
5000,ޝއނފމ ޙޅޗޘ,negative_dhivehi,12,0.43170000003556197,0
5000,ޝއނފމ ޙޅޗޘ,negative_dhivehi,13,0.46509999998534113,0
5000,ޝއނފމ ޙޅޗޘ,negative_dhivehi,14,0.48730000003160967,0
5000,ޝއނފމ ޙޅޗޘ,negative_dhivehi,15,0.4031999999938307,0
5000,ޝއނފމ ޙޅޗޘ,negative_dhivehi,16,0.47889999996186816,0
5000,ޝއނފމ ޙޅޗޘ,negative_dhivehi,17,0.43229999999994106,0
5000,ޝއނފމ ޙޅޗޘ,negative_dhivehi,18,0.400899999988269,0
5000,ޝއނފމ ޙޅޗޘ,negative_dhivehi,19,0.428400000032525,0
10000,data,single_term,0,247.22690000004377,20
10000,data,single_term,1,229.0775000000167,20
10000,data,single_term,2,226.34990000000244,20
10000,data,single_term,3,223.90859999995882,20
10000,data,single_term,4,222.57100000001628,20
10000,data,single_term,5,225.80659999999853,20
10000,data,single_term,6,227.1238000000153,20
10000,data,single_term,7,227.09329999997863,20
10000,data,single_term,8,230.32680000000028,20
10000,data,single_term,9,230.81210000003693,20
10000,data,single_term,10,223.5693000000083,20
10000,data,single_term,11,231.08509999997295,20
10000,data,single_term,12,242.3522999999932,20
10000,data,single_term,13,227.4408999999764,20
10000,data,single_term,14,224.82109999998556,20
10000,data,single_term,15,223.29899999999725,20
10000,data,single_term,16,228.2862999999793,20
10000,data,single_term,17,224.53250000000935,20
10000,data,single_term,18,223.67350000001807,20
10000,data,single_term,19,226.89580000002252,20
10000,annual report,phrase,0,207.04080000001568,20
10000,annual report,phrase,1,205.87399999999434,20
10000,annual report,phrase,2,202.44429999996782,20
10000,annual report,phrase,3,208.87100000004466,20
10000,annual report,phrase,4,203.46979999999348,20
10000,annual report,phrase,5,211.3916000000131,20
10000,annual report,phrase,6,199.20789999997623,20
10000,annual report,phrase,7,201.3939999999934,20
10000,annual report,phrase,8,198.20470000001933,20
10000,annual report,phrase,9,195.66509999998516,20
10000,annual report,phrase,10,202.0817000000079,20
10000,annual report,phrase,11,196.7922000000044,20
10000,annual report,phrase,12,197.32879999997976,20
10000,annual report,phrase,13,195.69949999998926,20
10000,annual report,phrase,14,195.23370000001705,20
10000,annual report,phrase,15,196.66589999997086,20
10000,annual report,phrase,16,209.10830000002534,20
10000,annual report,phrase,17,197.0559000000094,20
10000,annual report,phrase,18,210.97140000000536,20
10000,annual report,phrase,19,208.24220000002924,20
10000,000,filename_prefix,0,15.060800000014751,20
10000,000,filename_prefix,1,13.21500000000242,20
10000,000,filename_prefix,2,16.56699999995226,20
10000,000,filename_prefix,3,14.789399999983743,20
10000,000,filename_prefix,4,13.386199999956716,20
10000,000,filename_prefix,5,13.475799999980609,20
10000,000,filename_prefix,6,14.037500000029013,20
10000,000,filename_prefix,7,13.782900000023801,20
10000,000,filename_prefix,8,13.398699999982,20
10000,000,filename_prefix,9,14.169699999968088,20
10000,000,filename_prefix,10,13.687099999970087,20
10000,000,filename_prefix,11,13.85040000002391,20
10000,000,filename_prefix,12,13.89390000002777,20
10000,000,filename_prefix,13,14.062700000010864,20
10000,000,filename_prefix,14,13.374300000009498,20
10000,000,filename_prefix,15,13.27489999999898,20
10000,000,filename_prefix,16,13.215199999990546,20
10000,000,filename_prefix,17,13.265100000012353,20
10000,000,filename_prefix,18,13.042200000029425,20
10000,000,filename_prefix,19,13.357399999961217,20
10000,ދިވެހި,dhivehi,0,1.132199999972272,0
10000,ދިވެހި,dhivehi,1,0.3343999999856351,0
10000,ދިވެހި,dhivehi,2,0.23399999997764098,0
10000,ދިވެހި,dhivehi,3,0.20609999995713224,0
10000,ދިވެހި,dhivehi,4,0.24049999996123006,0
10000,ދިވެހި,dhivehi,5,0.209600000005139,0
10000,ދިވެހި,dhivehi,6,0.22219999999606443,0
10000,ދިވެހި,dhivehi,7,0.1886000000013155,0
10000,ދިވެހި,dhivehi,8,0.17420000000356595,0
10000,ދިވެހި,dhivehi,9,0.1718999999980042,0
10000,ދިވެހި,dhivehi,10,0.16719999996439583,0
10000,ދިވެހި,dhivehi,11,0.21060000000261425,0
10000,ދިވެހި,dhivehi,12,0.18330000000332802,0
10000,ދިވެހި,dhivehi,13,0.17530000002352608,0
10000,ދިވެހި,dhivehi,14,0.16660000000001673,0
10000,ދިވެހި,dhivehi,15,0.164299999994455,0
10000,ދިވެހި,dhivehi,16,0.1630000000432119,0
10000,ދިވެހި,dhivehi,17,0.1720000000204891,0
10000,ދިވެހި,dhivehi,18,0.16969999995808394,0
10000,ދިވެހި,dhivehi,19,0.1700000000255386,0
10000,qyzzlephtn,negative_term,0,0.7223999999723674,0
10000,qyzzlephtn,negative_term,1,0.2198999999905027,0
10000,qyzzlephtn,negative_term,2,0.21370000001752487,0
10000,qyzzlephtn,negative_term,3,0.18380000000206564,0
10000,qyzzlephtn,negative_term,4,0.1637000000300759,0
10000,qyzzlephtn,negative_term,5,0.2139999999712927,0
10000,qyzzlephtn,negative_term,6,0.18330000000332802,0
10000,qyzzlephtn,negative_term,7,0.169500000026801,0
10000,qyzzlephtn,negative_term,8,0.15869999998585627,0
10000,qyzzlephtn,negative_term,9,0.17809999997098203,0
10000,qyzzlephtn,negative_term,10,0.17990000003464957,0
10000,qyzzlephtn,negative_term,11,0.17370000000482833,0
10000,qyzzlephtn,negative_term,12,0.16709999999875436,0
10000,qyzzlephtn,negative_term,13,0.16160000001264052,0
10000,qyzzlephtn,negative_term,14,0.1541000000315762,0
10000,qyzzlephtn,negative_term,15,0.15359999997599516,0
10000,qyzzlephtn,negative_term,16,0.15010000004167523,0
10000,qyzzlephtn,negative_term,17,0.24650000000292493,0
10000,qyzzlephtn,negative_term,18,0.16329999999697975,0
10000,qyzzlephtn,negative_term,19,0.1552999999603344,0
10000,drubblixqwo,negative_term,0,0.3057000000126209,0
10000,drubblixqwo,negative_term,1,0.24499999994986865,0
10000,drubblixqwo,negative_term,2,0.19090000000687724,0
10000,drubblixqwo,negative_term,3,0.1809000000321248,0
10000,drubblixqwo,negative_term,4,0.16650000003437526,0
10000,drubblixqwo,negative_term,5,0.15889999997398263,0
10000,drubblixqwo,negative_term,6,0.16629999998940548,0
10000,drubblixqwo,negative_term,7,0.2104000000144879,0
10000,drubblixqwo,negative_term,8,0.1649000000156775,0
10000,drubblixqwo,negative_term,9,0.17399999995859616,0
10000,drubblixqwo,negative_term,10,0.1686999999606087,0
10000,drubblixqwo,negative_term,11,0.17750000000660293,0
10000,drubblixqwo,negative_term,12,0.16629999998940548,0
10000,drubblixqwo,negative_term,13,0.1541000000315762,0
10000,drubblixqwo,negative_term,14,0.15059999998356943,0
10000,drubblixqwo,negative_term,15,0.15650000000277942,0
10000,drubblixqwo,negative_term,16,0.20740000002206216,0
10000,drubblixqwo,negative_term,17,0.15940000002956367,0
10000,drubblixqwo,negative_term,18,0.1854000000207634,0
10000,drubblixqwo,negative_term,19,0.24540000003980822,0
10000,wkxzploom,negative_term,0,0.9943000000021129,0
10000,wkxzploom,negative_term,1,0.46000000003232344,0
10000,wkxzploom,negative_term,2,0.32000000004472895,0
10000,wkxzploom,negative_term,3,0.30020000002650704,0
10000,wkxzploom,negative_term,4,0.35460000003695313,0
10000,wkxzploom,negative_term,5,0.3406000000154563,0
10000,wkxzploom,negative_term,6,0.3158000000098582,0
10000,wkxzploom,negative_term,7,0.34560000000283253,0
10000,wkxzploom,negative_term,8,0.2908999999817752,0
10000,wkxzploom,negative_term,9,0.31719999998358617,0
10000,wkxzploom,negative_term,10,0.33459999997376144,0
10000,wkxzploom,negative_term,11,0.33030000003009263,0
10000,wkxzploom,negative_term,12,0.3118000000199572,0
10000,wkxzploom,negative_term,13,0.3266000000508029,0
10000,wkxzploom,negative_term,14,0.29560000001538356,0
10000,wkxzploom,negative_term,15,0.2797999999870626,0
10000,wkxzploom,negative_term,16,0.2984999999853244,0
10000,wkxzploom,negative_term,17,0.39340000000720465,0
10000,wkxzploom,negative_term,18,0.3564999999525753,0
10000,wkxzploom,negative_term,19,0.4001000000357635,0
10000,fjordplinthqux,negative_term,0,0.7835999999770138,0
10000,fjordplinthqux,negative_term,1,0.24530000001732333,0
10000,fjordplinthqux,negative_term,2,0.19459999998616695,0
10000,fjordplinthqux,negative_term,3,0.17630000002100132,0
10000,fjordplinthqux,negative_term,4,0.15949999999520514,0
10000,fjordplinthqux,negative_term,5,0.163600000007591,0
10000,fjordplinthqux,negative_term,6,0.1879000000144515,0
10000,fjordplinthqux,negative_term,7,0.1910999999950036,0
10000,fjordplinthqux,negative_term,8,0.16140000002451416,0
10000,fjordplinthqux,negative_term,9,0.15409999997473278,0
10000,fjordplinthqux,negative_term,10,0.14670000001615335,0
10000,fjordplinthqux,negative_term,11,0.1571999999896434,0
10000,fjordplinthqux,negative_term,12,0.18169999998463027,0
10000,fjordplinthqux,negative_term,13,0.17270000000735308,0
10000,fjordplinthqux,negative_term,14,0.1502000000073167,0
10000,fjordplinthqux,negative_term,15,0.16499999998131898,0
10000,fjordplinthqux,negative_term,16,0.16310000000885339,0
10000,fjordplinthqux,negative_term,17,0.15099999995982216,0
10000,fjordplinthqux,negative_term,18,0.15570000005027396,0
10000,fjordplinthqux,negative_term,19,0.15429999996285915,0
10000,jvqxbreel,negative_term,0,0.466599999981554,0
10000,jvqxbreel,negative_term,1,0.40939999996680854,0
10000,jvqxbreel,negative_term,2,0.25210000001152366,0
10000,jvqxbreel,negative_term,3,0.23349999997890336,0
10000,jvqxbreel,negative_term,4,0.31560000002173183,0
10000,jvqxbreel,negative_term,5,0.23399999997764098,0
10000,jvqxbreel,negative_term,6,0.21370000001752487,0
10000,jvqxbreel,negative_term,7,0.19579999997176856,0
10000,jvqxbreel,negative_term,8,0.18170000004147369,0
10000,jvqxbreel,negative_term,9,0.17750000000660293,0
10000,jvqxbreel,negative_term,10,0.1756999999997788,0
10000,jvqxbreel,negative_term,11,0.1717999999755193,0
10000,jvqxbreel,negative_term,12,0.21110000000135187,0
10000,jvqxbreel,negative_term,13,0.2565000000345208,0
10000,jvqxbreel,negative_term,14,0.2139999999712927,0
10000,jvqxbreel,negative_term,15,0.23630000004004614,0
10000,jvqxbreel,negative_term,16,0.2091000000064014,0
10000,jvqxbreel,negative_term,17,0.17530000002352608,0
10000,jvqxbreel,negative_term,18,0.18360000001393928,0
10000,jvqxbreel,negative_term,19,0.1807999999527965,0
10000,vmblargwex,negative_term,0,0.9973999999601801,0
10000,vmblargwex,negative_term,1,0.4614999999716929,0
10000,vmblargwex,negative_term,2,0.3523000000313914,0
10000,vmblargwex,negative_term,3,0.3306000000407039,0
10000,vmblargwex,negative_term,4,0.35380000002760426,0
10000,vmblargwex,negative_term,5,0.32200000003967943,0
10000,vmblargwex,negative_term,6,0.33270000000129585,0
10000,vmblargwex,negative_term,7,0.3461999999672116,0
10000,vmblargwex,negative_term,8,0.3067000000100961,0
10000,vmblargwex,negative_term,9,0.2967000000353437,0
10000,vmblargwex,negative_term,10,0.3452999999922213,0
10000,vmblargwex,negative_term,11,0.3201000000103704,0
10000,vmblargwex,negative_term,12,0.29770000003281893,0
10000,vmblargwex,negative_term,13,0.2923000000123466,0
10000,vmblargwex,negative_term,14,0.3117999999631138,0
10000,vmblargwex,negative_term,15,0.3001999999696636,0
10000,vmblargwex,negative_term,16,0.30900000001565786,0
10000,vmblargwex,negative_term,17,0.3044000000045344,0
10000,vmblargwex,negative_term,18,0.31420000004800386,0
10000,vmblargwex,negative_term,19,0.2958999999691514,0
10000,ploxxundriq,negative_term,0,0.6272999999623607,0
10000,ploxxundriq,negative_term,1,0.22789999997030463,0
10000,ploxxundriq,negative_term,2,0.20660000001271328,0
10000,ploxxundriq,negative_term,3,0.1948999999967782,0
10000,ploxxundriq,negative_term,4,0.16629999998940548,0
10000,ploxxundriq,negative_term,5,0.16149999999015563,0
10000,ploxxundriq,negative_term,6,0.1541000000315762,0
10000,ploxxundriq,negative_term,7,0.17120000001114022,0
10000,ploxxundriq,negative_term,8,0.1638000000525608,0
10000,ploxxundriq,negative_term,9,0.16060000001516528,0
10000,ploxxundriq,negative_term,10,0.15170000000352957,0
10000,ploxxundriq,negative_term,11,0.1560000000040418,0
10000,ploxxundriq,negative_term,12,0.16199999998889325,0
10000,ploxxundriq,negative_term,13,0.16189999996640836,0
10000,ploxxundriq,negative_term,14,0.15319999999974243,0
10000,ploxxundriq,negative_term,15,0.18430000000080327,0
10000,ploxxundriq,negative_term,16,0.15300000001161607,0
10000,ploxxundriq,negative_term,17,0.15179999996917104,0
10000,ploxxundriq,negative_term,18,0.1477000000136286,0
10000,ploxxundriq,negative_term,19,0.16210000001137814,0
10000,grindlewqxz,negative_term,0,0.17760000002908782,0
10000,grindlewqxz,negative_term,1,0.16510000000380387,0
10000,grindlewqxz,negative_term,2,0.16369999997323248,0
10000,grindlewqxz,negative_term,3,0.169500000026801,0
10000,grindlewqxz,negative_term,4,0.1598000000058164,0
10000,grindlewqxz,negative_term,5,0.1548000000184402,0
10000,grindlewqxz,negative_term,6,0.15200000001414082,0
10000,grindlewqxz,negative_term,7,0.18959999999879074,0
10000,grindlewqxz,negative_term,8,0.18499999998766725,0
10000,grindlewqxz,negative_term,9,0.1603999999701955,0
10000,grindlewqxz,negative_term,10,0.1533999999878688,0
10000,grindlewqxz,negative_term,11,0.1502000000073167,0
10000,grindlewqxz,negative_term,12,0.15939999997272025,0
10000,grindlewqxz,negative_term,13,0.15439999998534404,0
10000,grindlewqxz,negative_term,14,0.15060000004041285,0
10000,grindlewqxz,negative_term,15,0.1519999999572974,0
10000,grindlewqxz,negative_term,16,0.17170000000987784,0
10000,grindlewqxz,negative_term,17,0.17329999997173218,0
10000,grindlewqxz,negative_term,18,0.15939999997272025,0
10000,grindlewqxz,negative_term,19,0.16399999998384374,0
10000,qwxztheronik,negative_term,0,0.32629999998334824,0
10000,qwxztheronik,negative_term,1,0.297099999954753,0
10000,qwxztheronik,negative_term,2,0.2843999999981861,0
10000,qwxztheronik,negative_term,3,0.3059999999663887,0
10000,qwxztheronik,negative_term,4,0.29169999999112406,0
10000,qwxztheronik,negative_term,5,0.2901999999949112,0
10000,qwxztheronik,negative_term,6,0.3161999999861109,0
10000,qwxztheronik,negative_term,7,0.309400000048754,0
10000,qwxztheronik,negative_term,8,0.29130000001487133,0
10000,qwxztheronik,negative_term,9,0.3035999999951855,0
10000,qwxztheronik,negative_term,10,0.29299999999921056,0
10000,qwxztheronik,negative_term,11,0.28279999997948835,0
10000,qwxztheronik,negative_term,12,0.3317000000038206,0
10000,qwxztheronik,negative_term,13,0.31279999996058905,0
10000,qwxztheronik,negative_term,14,0.2939999999966858,0
10000,qwxztheronik,negative_term,15,0.29829999999719803,0
10000,qwxztheronik,negative_term,16,0.3404999999929714,0
10000,qwxztheronik,negative_term,17,0.3055000000244945,0
10000,qwxztheronik,negative_term,18,0.2976999999759755,0
10000,qwxztheronik,negative_term,19,0.323399999956564,0
10000,kangaroo marsupial pouch,negative_phrase,0,0.43289999996432016,0
10000,kangaroo marsupial pouch,negative_phrase,1,0.44129999997721825,0
10000,kangaroo marsupial pouch,negative_phrase,2,0.40869999997994455,0
10000,kangaroo marsupial pouch,negative_phrase,3,0.4589999999780048,0
10000,kangaroo marsupial pouch,negative_phrase,4,0.41590000000724103,0
10000,kangaroo marsupial pouch,negative_phrase,5,0.7235000000491709,0
10000,kangaroo marsupial pouch,negative_phrase,6,0.5108000000291213,0
10000,kangaroo marsupial pouch,negative_phrase,7,0.5438999999682892,0
10000,kangaroo marsupial pouch,negative_phrase,8,0.4551999999762302,0
10000,kangaroo marsupial pouch,negative_phrase,9,0.54219999998395,0
10000,kangaroo marsupial pouch,negative_phrase,10,0.4380000000310247,0
10000,kangaroo marsupial pouch,negative_phrase,11,0.5120000000147229,0
10000,kangaroo marsupial pouch,negative_phrase,12,0.6915000000162763,0
10000,kangaroo marsupial pouch,negative_phrase,13,0.7271000000059757,0
10000,kangaroo marsupial pouch,negative_phrase,14,1.109199999973498,0
10000,kangaroo marsupial pouch,negative_phrase,15,0.8505000000127438,0
10000,kangaroo marsupial pouch,negative_phrase,16,0.5591999999978725,0
10000,kangaroo marsupial pouch,negative_phrase,17,0.5284000000074229,0
10000,kangaroo marsupial pouch,negative_phrase,18,0.5076999999573673,0
10000,kangaroo marsupial pouch,negative_phrase,19,0.7818999999926746,0
10000,telescope nebula astronomy,negative_phrase,0,0.5601999999953478,0
10000,telescope nebula astronomy,negative_phrase,1,0.47530000000506334,0
10000,telescope nebula astronomy,negative_phrase,2,0.5906000000095446,0
10000,telescope nebula astronomy,negative_phrase,3,0.4764000000250235,0
10000,telescope nebula astronomy,negative_phrase,4,0.5237999999962994,0
10000,telescope nebula astronomy,negative_phrase,5,0.561199999992823,0
10000,telescope nebula astronomy,negative_phrase,6,0.5227999999988242,0
10000,telescope nebula astronomy,negative_phrase,7,0.5031000000030872,0
10000,telescope nebula astronomy,negative_phrase,8,0.5055999999967753,0
10000,telescope nebula astronomy,negative_phrase,9,0.4902000000015505,0
10000,telescope nebula astronomy,negative_phrase,10,0.42350000001079025,0
10000,telescope nebula astronomy,negative_phrase,11,0.547400000016296,0
10000,telescope nebula astronomy,negative_phrase,12,0.48290000000861255,0
10000,telescope nebula astronomy,negative_phrase,13,0.4971999999838772,0
10000,telescope nebula astronomy,negative_phrase,14,0.4527000000393855,0
10000,telescope nebula astronomy,negative_phrase,15,0.42989999997189443,0
10000,telescope nebula astronomy,negative_phrase,16,0.4657999999722051,0
10000,telescope nebula astronomy,negative_phrase,17,0.40669999998499407,0
10000,telescope nebula astronomy,negative_phrase,18,0.4684999999540196,0
10000,telescope nebula astronomy,negative_phrase,19,0.40359999997008345,0
10000,hummingbird nectar pollination,negative_phrase,0,0.45470000003433597,0
10000,hummingbird nectar pollination,negative_phrase,1,0.4351999999698819,0
10000,hummingbird nectar pollination,negative_phrase,2,0.4508000000100765,0
10000,hummingbird nectar pollination,negative_phrase,3,0.44639999998707935,0
10000,hummingbird nectar pollination,negative_phrase,4,0.45040000003382374,0
10000,hummingbird nectar pollination,negative_phrase,5,0.4316000000130771,0
10000,hummingbird nectar pollination,negative_phrase,6,0.42339999998830535,0
10000,hummingbird nectar pollination,negative_phrase,7,0.4423999999971784,0
10000,hummingbird nectar pollination,negative_phrase,8,0.48480000003792156,0
10000,hummingbird nectar pollination,negative_phrase,9,0.45540000002119996,0
10000,hummingbird nectar pollination,negative_phrase,10,0.40360000002692686,0
10000,hummingbird nectar pollination,negative_phrase,11,0.4437000000052649,0
10000,hummingbird nectar pollination,negative_phrase,12,0.4385000000297623,0
10000,hummingbird nectar pollination,negative_phrase,13,0.421800000026451,0
10000,hummingbird nectar pollination,negative_phrase,14,0.402800000017578,0
10000,hummingbird nectar pollination,negative_phrase,15,0.49320000005081965,0
10000,hummingbird nectar pollination,negative_phrase,16,0.40630000000874134,0
10000,hummingbird nectar pollination,negative_phrase,17,0.48279999998612766,0
10000,hummingbird nectar pollination,negative_phrase,18,0.41570000001911467,0
10000,hummingbird nectar pollination,negative_phrase,19,0.4410999999890919,0
10000,ޥބޛސ ޠޅސޔ,negative_dhivehi,0,0.6025999999792475,0
10000,ޥބޛސ ޠޅސޔ,negative_dhivehi,1,0.5385000000046603,0
10000,ޥބޛސ ޠޅސޔ,negative_dhivehi,2,0.5329000000529049,0
10000,ޥބޛސ ޠޅސޔ,negative_dhivehi,3,0.525100000004386,0
10000,ޥބޛސ ޠޅސޔ,negative_dhivehi,4,0.507900000002337,0
10000,ޥބޛސ ޠޅސޔ,negative_dhivehi,5,0.7363000000282227,0
10000,ޥބޛސ ޠޅސޔ,negative_dhivehi,6,0.5223999999657281,0
10000,ޥބޛސ ޠޅސޔ,negative_dhivehi,7,0.5238999999619409,0
10000,ޥބޛސ ޠޅސޔ,negative_dhivehi,8,0.47139999998080384,0
10000,ޥބޛސ ޠޅސޔ,negative_dhivehi,9,0.4919999999515312,0
10000,ޥބޛސ ޠޅސޔ,negative_dhivehi,10,0.5295999999930245,0
10000,ޥބޛސ ޠޅސޔ,negative_dhivehi,11,0.49869999998009007,0
10000,ޥބޛސ ޠޅސޔ,negative_dhivehi,12,0.5227000000331827,0
10000,ޥބޛސ ޠޅސޔ,negative_dhivehi,13,0.9178999999903681,0
10000,ޥބޛސ ޠޅސޔ,negative_dhivehi,14,0.5984000000012202,0
10000,ޥބޛސ ޠޅސޔ,negative_dhivehi,15,0.5347000000028856,0
10000,ޥބޛސ ޠޅސޔ,negative_dhivehi,16,0.5266999999662403,0
10000,ޥބޛސ ޠޅސޔ,negative_dhivehi,17,0.5261000000018612,0
10000,ޥބޛސ ޠޅސޔ,negative_dhivehi,18,0.486299999977291,0
10000,ޥބޛސ ޠޅސޔ,negative_dhivehi,19,0.49429999995709295,0
10000,ޕފޑޘ ޖޠޞޏފޓ,negative_dhivehi,0,0.5079999999679785,0
10000,ޕފޑޘ ޖޠޞޏފޓ,negative_dhivehi,1,0.4096000000117783,0
10000,ޕފޑޘ ޖޠޞޏފޓ,negative_dhivehi,2,0.3810000000044056,0
10000,ޕފޑޘ ޖޠޞޏފޓ,negative_dhivehi,3,0.42009999998526837,0
10000,ޕފޑޘ ޖޠޞޏފޓ,negative_dhivehi,4,0.42459999997390696,0
10000,ޕފޑޘ ޖޠޞޏފޓ,negative_dhivehi,5,0.4207000000064909,0
10000,ޕފޑޘ ޖޠޞޏފޓ,negative_dhivehi,6,0.3854999999930442,0
10000,ޕފޑޘ ޖޠޞޏފޓ,negative_dhivehi,7,0.4020000000082291,0
10000,ޕފޑޘ ޖޠޞޏފޓ,negative_dhivehi,8,0.3801999999950567,0
10000,ޕފޑޘ ޖޠޞޏފޓ,negative_dhivehi,9,0.4205000000183645,0
10000,ޕފޑޘ ޖޠޞޏފޓ,negative_dhivehi,10,0.39079999999103165,0
10000,ޕފޑޘ ޖޠޞޏފޓ,negative_dhivehi,11,0.393599999995331,0
10000,ޕފޑޘ ޖޠޞޏފޓ,negative_dhivehi,12,0.3860999999574233,0
10000,ޕފޑޘ ޖޠޞޏފޓ,negative_dhivehi,13,0.3922999999872445,0
10000,ޕފޑޘ ޖޠޞޏފޓ,negative_dhivehi,14,0.43510000000424043,0
10000,ޕފޑޘ ޖޠޞޏފޓ,negative_dhivehi,15,0.37880000002132874,0
10000,ޕފޑޘ ޖޠޞޏފޓ,negative_dhivehi,16,0.36639999996168626,0
10000,ޕފޑޘ ޖޠޞޏފޓ,negative_dhivehi,17,0.4051999999887812,0
10000,ޕފޑޘ ޖޠޞޏފޓ,negative_dhivehi,18,0.38449999999556894,0
10000,ޕފޑޘ ޖޠޞޏފޓ,negative_dhivehi,19,0.4243999999857806,0
10000,ޑޕސޕ,negative_dhivehi,0,0.3406000000154563,0
10000,ޑޕސޕ,negative_dhivehi,1,0.3476999999634245,0
10000,ޑޕސޕ,negative_dhivehi,2,0.3183000000035463,0
10000,ޑޕސޕ,negative_dhivehi,3,0.2926999999885993,0
10000,ޑޕސޕ,negative_dhivehi,4,0.3042999999820495,0
10000,ޑޕސޕ,negative_dhivehi,5,0.3399999999942338,0
10000,ޑޕސޕ,negative_dhivehi,6,0.30060000000275977,0
10000,ޑޕސޕ,negative_dhivehi,7,0.2895000000080472,0
10000,ޑޕސޕ,negative_dhivehi,8,0.2921999999898617,0
10000,ޑޕސޕ,negative_dhivehi,9,0.29770000003281893,0
10000,ޑޕސޕ,negative_dhivehi,10,0.31610000002046945,0
10000,ޑޕސޕ,negative_dhivehi,11,0.32939999999825886,0
10000,ޑޕސޕ,negative_dhivehi,12,0.3310999999825981,0
10000,ޑޕސޕ,negative_dhivehi,13,0.302299999987099,0
10000,ޑޕސޕ,negative_dhivehi,14,0.28919999999743595,0
10000,ޑޕސޕ,negative_dhivehi,15,0.2794000000108099,0
10000,ޑޕސޕ,negative_dhivehi,16,0.2953999999704138,0
10000,ޑޕސޕ,negative_dhivehi,17,0.3302999999732492,0
10000,ޑޕސޕ,negative_dhivehi,18,0.28800000001183435,0
10000,ޑޕސޕ,negative_dhivehi,19,0.2966000000128588,0
10000,ޛށޝޛލ ޢގހޔމހ,negative_dhivehi,0,0.5902000000332919,0
10000,ޛށޝޛލ ޢގހޔމހ,negative_dhivehi,1,0.5511999999612271,0
10000,ޛށޝޛލ ޢގހޔމހ,negative_dhivehi,2,0.5779999999617758,0
10000,ޛށޝޛލ ޢގހޔމހ,negative_dhivehi,3,0.5633000000102584,0
10000,ޛށޝޛލ ޢގހޔމހ,negative_dhivehi,4,0.5443000000013853,0
10000,ޛށޝޛލ ޢގހޔމހ,negative_dhivehi,5,0.5840999999691121,0
10000,ޛށޝޛލ ޢގހޔމހ,negative_dhivehi,6,0.5348000000253705,0
10000,ޛށޝޛލ ޢގހޔމހ,negative_dhivehi,7,0.5709000000138076,0
10000,ޛށޝޛލ ޢގހޔމހ,negative_dhivehi,8,0.5372999999622152,0
10000,ޛށޝޛލ ޢގހޔމހ,negative_dhivehi,9,0.5820000000085201,0
10000,ޛށޝޛލ ޢގހޔމހ,negative_dhivehi,10,0.5466999999725886,0
10000,ޛށޝޛލ ޢގހޔމހ,negative_dhivehi,11,0.6141000000070562,0
10000,ޛށޝޛލ ޢގހޔމހ,negative_dhivehi,12,0.8399999999824104,0
10000,ޛށޝޛލ ޢގހޔމހ,negative_dhivehi,13,0.8402999999930216,0
10000,ޛށޝޛލ ޢގހޔމހ,negative_dhivehi,14,0.6911999999488216,0
10000,ޛށޝޛލ ޢގހޔމހ,negative_dhivehi,15,0.8406000000036329,0
10000,ޛށޝޛލ ޢގހޔމހ,negative_dhivehi,16,0.596700000016881,0
10000,ޛށޝޛލ ޢގހޔމހ,negative_dhivehi,17,0.6222000000093431,0
10000,ޛށޝޛލ ޢގހޔމހ,negative_dhivehi,18,0.5701000000044587,0
10000,ޛށޝޛލ ޢގހޔމހ,negative_dhivehi,19,0.5679999999870233,0
10000,ވޘއހޜޅ ވޡޗޓފޏ,negative_dhivehi,0,0.45539999996435654,0
10000,ވޘއހޜޅ ވޡޗޓފޏ,negative_dhivehi,1,0.47460000001819935,0
10000,ވޘއހޜޅ ވޡޗޓފޏ,negative_dhivehi,2,0.3924999999753709,0
10000,ވޘއހޜޅ ވޡޗޓފޏ,negative_dhivehi,3,0.41509999999789216,0
10000,ވޘއހޜޅ ވޡޗޓފޏ,negative_dhivehi,4,0.37480000003142777,0
10000,ވޘއހޜޅ ވޡޗޓފޏ,negative_dhivehi,5,0.4084999999918182,0
10000,ވޘއހޜޅ ވޡޗޓފޏ,negative_dhivehi,6,0.3993999999920561,0
10000,ވޘއހޜޅ ވޡޗޓފޏ,negative_dhivehi,7,0.42530000001761437,0
10000,ވޘއހޜޅ ވޡޗޓފޏ,negative_dhivehi,8,0.41199999998298154,0
10000,ވޘއހޜޅ ވޡޗޓފޏ,negative_dhivehi,9,0.3632000000379776,0
10000,ވޘއހޜޅ ވޡޗޓފޏ,negative_dhivehi,10,0.40240000004132526,0
10000,ވޘއހޜޅ ވޡޗޓފޏ,negative_dhivehi,11,0.3950999999915439,0
10000,ވޘއހޜޅ ވޡޗޓފޏ,negative_dhivehi,12,0.41060000000925356,0
10000,ވޘއހޜޅ ވޡޗޓފޏ,negative_dhivehi,13,0.3732999999783715,0
10000,ވޘއހޜޅ ވޡޗޓފޏ,negative_dhivehi,14,0.3623999999717853,0
10000,ވޘއހޜޅ ވޡޗޓފޏ,negative_dhivehi,15,0.3777999999670101,0
10000,ވޘއހޜޅ ވޡޗޓފޏ,negative_dhivehi,16,0.3590999999687483,0
10000,ވޘއހޜޅ ވޡޗޓފޏ,negative_dhivehi,17,0.4418000000327993,0
10000,ވޘއހޜޅ ވޡޗޓފޏ,negative_dhivehi,18,0.37680000002637826,0
10000,ވޘއހޜޅ ވޡޗޓފޏ,negative_dhivehi,19,0.3829999999993561,0
10000,ޔޓޘލ,negative_dhivehi,0,0.30319999996208935,0
10000,ޔޓޘލ,negative_dhivehi,1,0.2944999999954234,0
10000,ޔޓޘލ,negative_dhivehi,2,0.3603999999768348,0
10000,ޔޓޘލ,negative_dhivehi,3,0.30330000004141766,0
10000,ޔޓޘލ,negative_dhivehi,4,0.2843999999981861,0
10000,ޔޓޘލ,negative_dhivehi,5,0.2813000000401189,0
10000,ޔޓޘލ,negative_dhivehi,6,0.30459999999266074,0
10000,ޔޓޘލ,negative_dhivehi,7,0.28979999996181505,0
10000,ޔޓޘލ,negative_dhivehi,8,0.2945999999610649,0
10000,ޔޓޘލ,negative_dhivehi,9,0.327200000015182,0
10000,ޔޓޘލ,negative_dhivehi,10,0.49039999998967687,0
10000,ޔޓޘލ,negative_dhivehi,11,0.3987000000051921,0
10000,ޔޓޘލ,negative_dhivehi,12,0.35389999999324573,0
10000,ޔޓޘލ,negative_dhivehi,13,0.3560000000106811,0
10000,ޔޓޘލ,negative_dhivehi,14,0.3073999999969601,0
10000,ޔޓޘލ,negative_dhivehi,15,0.29179999995676553,0
10000,ޔޓޘލ,negative_dhivehi,16,0.32299999998031126,0
10000,ޔޓޘލ,negative_dhivehi,17,0.3188000000022839,0
10000,ޔޓޘލ,negative_dhivehi,18,0.3231999999684376,0
10000,ޔޓޘލ,negative_dhivehi,19,0.3257999999846106,0
10000,ޙޣޅލޔޑ ޣޞސލދ,negative_dhivehi,0,0.491500000009637,0
10000,ޙޣޅލޔޑ ޣޞސލދ,negative_dhivehi,1,0.5219000000238339,0
10000,ޙޣޅލޔޑ ޣޞސލދ,negative_dhivehi,2,0.46489999999721476,0
10000,ޙޣޅލޔޑ ޣޞސލދ,negative_dhivehi,3,0.49300000000584987,0
10000,ޙޣޅލޔޑ ޣޞސލދ,negative_dhivehi,4,0.4859000000010383,0
10000,ޙޣޅލޔޑ ޣޞސލދ,negative_dhivehi,5,0.5041000000005624,0
10000,ޙޣޅލޔޑ ޣޞސލދ,negative_dhivehi,6,0.501999999983127,0
10000,ޙޣޅލޔޑ ޣޞސލދ,negative_dhivehi,7,0.47200000000202635,0
10000,ޙޣޅލޔޑ ޣޞސލދ,negative_dhivehi,8,0.5329000000529049,0
10000,ޙޣޅލޔޑ ޣޞސލދ,negative_dhivehi,9,0.49690000003010937,0
10000,ޙޣޅލޔޑ ޣޞސލދ,negative_dhivehi,10,0.4963999999745283,0
10000,ޙޣޅލޔޑ ޣޞސލދ,negative_dhivehi,11,0.465200000007826,0
10000,ޙޣޅލޔޑ ޣޞސލދ,negative_dhivehi,12,0.48370000001796143,0
10000,ޙޣޅލޔޑ ޣޞސލދ,negative_dhivehi,13,0.45979999998735366,0
10000,ޙޣޅލޔޑ ޣޞސލދ,negative_dhivehi,14,0.4538999999681437,0
10000,ޙޣޅލޔޑ ޣޞސލދ,negative_dhivehi,15,0.5120000000147229,0
10000,ޙޣޅލޔޑ ޣޞސލދ,negative_dhivehi,16,0.45860000000175205,0
10000,ޙޣޅލޔޑ ޣޞސލދ,negative_dhivehi,17,0.4820999999992637,0
10000,ޙޣޅލޔޑ ޣޞސލދ,negative_dhivehi,18,0.49239999998462736,0
10000,ޙޣޅލޔޑ ޣޞސލދ,negative_dhivehi,19,0.4984999999919637,0
10000,ޝއނފމ ޙޅޗޘ,negative_dhivehi,0,0.42980000000625296,0
10000,ޝއނފމ ޙޅޗޘ,negative_dhivehi,1,0.41749999996909537,0
10000,ޝއނފމ ޙޅޗޘ,negative_dhivehi,2,0.3667999999947824,0
10000,ޝއނފމ ޙޅޗޘ,negative_dhivehi,3,0.42839999997568157,0
10000,ޝއނފމ ޙޅޗޘ,negative_dhivehi,4,0.37739999999075735,0
10000,ޝއނފމ ޙޅޗޘ,negative_dhivehi,5,0.38050000000566797,0
10000,ޝއނފމ ޙޅޗޘ,negative_dhivehi,6,0.3636000000142303,0
10000,ޝއނފމ ޙޅޗޘ,negative_dhivehi,7,0.4660000000171749,0
10000,ޝއނފމ ޙޅޗޘ,negative_dhivehi,8,0.46760000003587265,0
10000,ޝއނފމ ޙޅޗޘ,negative_dhivehi,9,0.5873000000065076,0
10000,ޝއނފމ ޙޅޗޘ,negative_dhivehi,10,0.469199999997727,0
10000,ޝއނފމ ޙޅޗޘ,negative_dhivehi,11,0.46609999998281637,0
10000,ޝއނފމ ޙޅޗޘ,negative_dhivehi,12,0.7731000000035237,0
10000,ޝއނފމ ޙޅޗޘ,negative_dhivehi,13,0.4763000000025386,0
10000,ޝއނފމ ޙޅޗޘ,negative_dhivehi,14,0.4073000000062166,0
10000,ޝއނފމ ޙޅޗޘ,negative_dhivehi,15,0.5045999999993,0
10000,ޝއނފމ ޙޅޗޘ,negative_dhivehi,16,0.5357000000003609,0
10000,ޝއނފމ ޙޅޗޘ,negative_dhivehi,17,0.43299999998680505,0
10000,ޝއނފމ ޙޅޗޘ,negative_dhivehi,18,0.3969999999640095,0
10000,ޝއނފމ ޙޅޗޘ,negative_dhivehi,19,0.5742000000168446,0
